 Container sf_rc_baseline_1788960917_1998-ci-db-1  Running
2026-09-09 17:26:45,756 33 WARNING ? odoo.tools.config: option --without-demo: since 19.0, invalid boolean value: 'all', assume True 
2026-09-09 17:26:45,756 33 INFO ? odoo: Odoo version 19.0-20260324 
2026-09-09 17:26:45,756 33 INFO ? odoo: Using configuration file at /etc/odoo/odoo.conf 
2026-09-09 17:26:45,756 33 INFO ? odoo: addons paths: _NamespacePath(['/usr/lib/python3/dist-packages/odoo/addons', '/var/lib/odoo/addons/19.0', '/mnt/extra-addons', '/usr/lib/python3/dist-packages/addons']) 
2026-09-09 17:26:45,756 33 INFO ? odoo: database: odoo@ci-db:5432 
2026-09-09 17:26:46,028 33 INFO ? odoo.service.server: HTTP service (werkzeug) running on localhost:8069 
2026-09-09 17:26:46,049 33 INFO sf_rc_validation odoo.tests.common: Importing test framework 
2026-09-09 17:26:46,076 33 INFO sf_rc_validation odoo.modules.loading: loading 1 modules... 
2026-09-09 17:26:46,080 33 INFO sf_rc_validation odoo.modules.loading: 1 modules loaded in 0.00s, 0 queries (+0 extra) 
2026-09-09 17:26:46,108 33 INFO sf_rc_validation odoo.modules.loading: updating modules list 
2026-09-09 17:26:46,110 33 INFO sf_rc_validation odoo.addons.base.models.ir_module: ALLOW access to module.update_list on [] to user __system__ #1 via n/a 
2026-09-09 17:26:47,111 33 INFO sf_rc_validation odoo.addons.base.models.ir_module: ALLOW access to module.button_upgrade on ['Sports Federation Base', 'Sports Federation People', 'Sports Federation Club Roles & Portal', 'Sports Federation Rules', 'Sports Federation Tournament', 'Sports Federation Officiating', 'Sports Federation Result Control', 'Sports Federation Notifications', 'Sports Federation Finance Bridge', 'Sports Federation Import Tools', 'Sports Federation Compliance', 'Sports Federation Public Site', 'Sports Federation Reporting', 'Sports Federation Governance', 'Sports Federation Demo Data', 'Competition Calendar', 'Competition Core', 'Sports Federation Discipline', 'Competition Format', 'Match-Day Operations', 'Competition Registration', 'Sports Federation Rosters', 'Schedule Approval', 'Competition Scheduling', 'Sports Federation Standings', 'Sports Federation Venues'] to user __system__ #1 via n/a 
2026-09-09 17:26:47,112 33 INFO sf_rc_validation odoo.addons.base.models.ir_module: ALLOW access to module.update_list on ['Sports Federation Base', 'Sports Federation People', 'Sports Federation Club Roles & Portal', 'Sports Federation Rules', 'Sports Federation Tournament', 'Sports Federation Officiating', 'Sports Federation Result Control', 'Sports Federation Notifications', 'Sports Federation Finance Bridge', 'Sports Federation Import Tools', 'Sports Federation Compliance', 'Sports Federation Public Site', 'Sports Federation Reporting', 'Sports Federation Governance', 'Sports Federation Demo Data', 'Competition Calendar', 'Competition Core', 'Sports Federation Discipline', 'Competition Format', 'Match-Day Operations', 'Competition Registration', 'Sports Federation Rosters', 'Schedule Approval', 'Competition Scheduling', 'Sports Federation Standings', 'Sports Federation Venues'] to user __system__ #1 via n/a 
2026-09-09 17:26:47,975 33 INFO sf_rc_validation odoo.addons.base.models.ir_module: ALLOW access to module.button_install on [] to user __system__ #1 via n/a 
2026-09-09 17:26:48,081 33 INFO sf_rc_validation odoo.modules.loading: loading 67 modules... 
2026-09-09 17:26:48,350 33 INFO sf_rc_validation odoo.modules.loading: Loading module sports_federation_base (32/67) 
2026-09-09 17:26:48,431 33 INFO sf_rc_validation odoo.registry: module sports_federation_base: creating or updating database tables 
2026-09-09 17:26:48,529 33 INFO sf_rc_validation odoo.modules.loading: loading sports_federation_base/security/res_groups.xml 
2026-09-09 17:26:48,566 33 INFO sf_rc_validation odoo.modules.loading: loading sports_federation_base/security/ir.model.access.csv 
2026-09-09 17:26:48,592 33 INFO sf_rc_validation odoo.modules.loading: loading sports_federation_base/data/ir_sequence.xml 
2026-09-09 17:26:48,595 33 INFO sf_rc_validation odoo.modules.loading: loading sports_federation_base/views/res_config_settings_views.xml 
2026-09-09 17:26:48,632 33 INFO sf_rc_validation odoo.modules.loading: loading sports_federation_base/views/federation_season_registration_views.xml 
2026-09-09 17:26:48,659 33 INFO sf_rc_validation odoo.modules.loading: loading sports_federation_base/views/federation_season_views.xml 
2026-09-09 17:26:48,680 33 INFO sf_rc_validation odoo.modules.loading: loading sports_federation_base/views/federation_team_views.xml 
2026-09-09 17:26:48,701 33 INFO sf_rc_validation odoo.modules.loading: loading sports_federation_base/views/federation_club_views.xml 
2026-09-09 17:26:48,722 33 INFO sf_rc_validation odoo.modules.loading: loading sports_federation_base/views/menu_items.xml 
2026-09-09 17:26:48,754 33 INFO sf_rc_validation odoo.modules.loading: loading sports_federation_base/data/retention_policy_data.xml 
2026-09-09 17:26:48,757 33 INFO sf_rc_validation odoo.modules.loading: loading sports_federation_base/views/retention_evidence_views.xml 
2026-09-09 17:26:48,791 33 INFO sf_rc_validation odoo.modules.loading: loading sports_federation_base/views/operation_job_views.xml 
2026-09-09 17:26:48,814 33 INFO sf_rc_validation odoo.modules.loading: loading sports_federation_base/data/operation_job_cron.xml 
2026-09-09 17:26:48,857 33 INFO sf_rc_validation odoo.addons.sports_federation_base.tests.test_attachment_policy: Starting TestFederationAttachmentPolicy.test_scan_upload_blocks_infected_payloads_from_external_command ... 
2026-09-09 17:26:48,864 33 WARNING sf_rc_validation odoo.addons.sports_federation_base.models.attachment_scan_service: Attachment scanner blocked club-insurance.pdf under policy portal_document: infected 
2026-09-09 17:26:48,865 33 INFO sf_rc_validation odoo.addons.sports_federation_base.tests.test_attachment_policy: Starting TestFederationAttachmentPolicy.test_scan_upload_rejects_when_external_command_cannot_verify ... 
2026-09-09 17:26:48,868 33 WARNING sf_rc_validation odoo.addons.sports_federation_base.models.attachment_scan_service: Attachment scanner command failed for clubs.csv under policy integration_inbound_csv with code 2: scanner offline 
2026-09-09 17:26:48,868 33 INFO sf_rc_validation odoo.addons.sports_federation_base.tests.test_attachment_policy: Starting TestFederationAttachmentPolicy.test_scan_upload_rejects_when_external_command_is_unavailable ... 
2026-09-09 17:26:48,871 33 ERROR sf_rc_validation odoo.addons.sports_federation_base.models.attachment_scan_service: Attachment scanner command is unavailable: /usr/local/bin/fake-attachment-scan 
Traceback (most recent call last):
  File "/mnt/extra-addons/sports_federation_base/models/attachment_scan_service.py", line 84, in _run_external_hook
    result = subprocess.run(
             ^^^^^^^^^^^^^^^
  File "/usr/lib/python3.12/unittest/mock.py", line 1134, in __call__
    return self._mock_call(*args, **kwargs)
           ^^^^^^^^^^^^^^^^^^^^^^^^^^^^^^^^
  File "/usr/lib/python3.12/unittest/mock.py", line 1138, in _mock_call
    return self._execute_mock_call(*args, **kwargs)
           ^^^^^^^^^^^^^^^^^^^^^^^^^^^^^^^^^^^^^^^^
  File "/usr/lib/python3.12/unittest/mock.py", line 1193, in _execute_mock_call
    raise effect
FileNotFoundError
2026-09-09 17:26:48,888 33 INFO sf_rc_validation odoo.addons.sports_federation_base.tests.test_attachment_policy: Starting TestFederationAttachmentPolicy.test_scan_upload_returns_clean_result_from_external_command ... 
2026-09-09 17:26:48,891 33 INFO sf_rc_validation odoo.addons.sports_federation_base.tests.test_attachment_policy: Starting TestFederationAttachmentPolicy.test_settings_round_trip_attachment_scan_parameters ... 
2026-09-09 17:26:48,933 33 INFO sf_rc_validation odoo.addons.sports_federation_base.tests.test_attachment_policy: Starting TestFederationAttachmentPolicy.test_validate_upload_blocks_when_hook_reports_malware ... 
2026-09-09 17:26:48,936 33 INFO sf_rc_validation odoo.addons.sports_federation_base.tests.test_attachment_policy: Starting TestFederationAttachmentPolicy.test_validate_upload_runs_external_hook_when_configured ... 
2026-09-09 17:26:48,938 33 INFO sf_rc_validation odoo.addons.sports_federation_base.tests.test_attachment_policy: Starting TestFederationAttachmentPolicy.test_validate_upload_skips_scan_when_no_hook_is_configured ... 
2026-09-09 17:26:48,993 33 INFO sf_rc_validation odoo.addons.base.models.ir_attachment: filestore gc 0 checked, 0 removed 
2026-09-09 17:26:49,019 33 INFO sf_rc_validation odoo.addons.sports_federation_base.tests.test_base: Starting TestFederationClub.test_club_archive_requires_archived_teams ... 
2026-09-09 17:26:49,031 33 INFO sf_rc_validation odoo.addons.sports_federation_base.tests.test_base: Starting TestFederationClub.test_club_code_unique ... 
2026-09-09 17:26:49,035 33 INFO sf_rc_validation odoo.addons.sports_federation_base.tests.test_base: Starting TestFederationClub.test_club_invalid_email ... 
2026-09-09 17:26:49,037 33 INFO sf_rc_validation odoo.addons.sports_federation_base.tests.test_base: Starting TestFederationClub.test_club_team_count ... 
2026-09-09 17:26:49,049 33 INFO sf_rc_validation odoo.addons.sports_federation_base.tests.test_base: Starting TestFederationClub.test_club_valid_email ... 
2026-09-09 17:26:49,051 33 INFO sf_rc_validation odoo.addons.sports_federation_base.tests.test_base: Starting TestFederationClub.test_create_club ... 
2026-09-09 17:26:49,104 33 INFO sf_rc_validation odoo.addons.base.models.ir_attachment: filestore gc 0 checked, 0 removed 
2026-09-09 17:26:49,130 33 INFO sf_rc_validation odoo.addons.sports_federation_base.tests.test_base: Starting TestFederationTeam.test_create_team ... 
2026-09-09 17:26:49,131 33 INFO sf_rc_validation odoo.addons.sports_federation_base.tests.test_base: Starting TestFederationTeam.test_team_archive_requires_cancelled_registrations ... 
2026-09-09 17:26:49,157 33 INFO sf_rc_validation odoo.addons.sports_federation_base.tests.test_base: Starting TestFederationTeam.test_team_code_unique ... 
2026-09-09 17:26:49,160 33 INFO sf_rc_validation odoo.addons.sports_federation_base.tests.test_base: Starting TestFederationTeam.test_team_display_name_includes_gender ... 
2026-09-09 17:26:49,164 33 INFO sf_rc_validation odoo.addons.sports_federation_base.tests.test_base: Starting TestFederationTeam.test_team_name_search_by_code ... 
2026-09-09 17:26:49,221 33 INFO sf_rc_validation odoo.addons.base.models.ir_attachment: filestore gc 0 checked, 0 removed 
2026-09-09 17:26:49,245 33 INFO sf_rc_validation odoo.addons.sports_federation_base.tests.test_base: Starting TestFederationSeason.test_create_season ... 
2026-09-09 17:26:49,246 33 INFO sf_rc_validation odoo.addons.sports_federation_base.tests.test_base: Starting TestFederationSeason.test_season_invalid_dates ... 
2026-09-09 17:26:49,250 33 INFO sf_rc_validation odoo.addons.sports_federation_base.tests.test_base: Starting TestFederationSeason.test_season_planning_targets_are_stored_and_non_negative ... 
2026-09-09 17:26:49,256 33 INFO sf_rc_validation odoo.addons.sports_federation_base.tests.test_base: Starting TestFederationSeason.test_season_registration_counts_by_state ... 
2026-09-09 17:26:49,291 33 INFO sf_rc_validation odoo.addons.sports_federation_base.tests.test_base: Starting TestFederationSeason.test_season_same_dates_rejected ... 
2026-09-09 17:26:49,295 33 INFO sf_rc_validation odoo.addons.sports_federation_base.tests.test_base: Starting TestFederationSeason.test_season_state_guards_and_archive ... 
2026-09-09 17:26:49,312 33 INFO sf_rc_validation odoo.addons.sports_federation_base.tests.test_base: Starting TestFederationSeason.test_season_state_transitions ... 
2026-09-09 17:26:49,367 33 INFO sf_rc_validation odoo.addons.base.models.ir_attachment: filestore gc 0 checked, 0 removed 
2026-09-09 17:26:49,398 33 INFO sf_rc_validation odoo.addons.sports_federation_base.tests.test_base: Starting TestFederationSeasonRegistration.test_create_registration ... 
2026-09-09 17:26:49,407 33 INFO sf_rc_validation odoo.addons.sports_federation_base.tests.test_base: Starting TestFederationSeasonRegistration.test_duplicate_registration_rejected ... 
2026-09-09 17:26:49,424 33 INFO sf_rc_validation odoo.addons.sports_federation_base.tests.test_base: Starting TestFederationSeasonRegistration.test_registration_state_transitions ... 
2026-09-09 17:26:49,487 33 INFO sf_rc_validation odoo.addons.base.models.ir_attachment: filestore gc 0 checked, 0 removed 
2026-09-09 17:26:49,488 33 INFO sf_rc_validation odoo.addons.sports_federation_base.tests.test_operation_job: Starting TestOperationJob.test_ensure_job_is_idempotent_for_source_correlation ... 
2026-09-09 17:26:49,529 33 INFO sf_rc_validation odoo.addons.sports_federation_base.tests.test_operation_job: Starting TestOperationJob.test_failure_uses_backoff_then_operator_action ... 
2026-09-09 17:26:49,543 33 INFO sf_rc_validation odoo.addons.sports_federation_base.tests.test_operation_job: Starting TestOperationJob.test_manual_retry_rejects_non_failed_job ... 
2026-09-09 17:26:49,566 33 INFO sf_rc_validation odoo.addons.sports_federation_base.tests.test_operation_job: Starting TestOperationJob.test_manual_retry_resets_terminal_job ... 
2026-09-09 17:26:49,580 33 INFO sf_rc_validation odoo.addons.sports_federation_base.tests.test_operation_job: Starting TestOperationJob.test_non_retryable_failure_goes_directly_to_operator_action ... 
2026-09-09 17:26:49,594 33 INFO sf_rc_validation odoo.addons.sports_federation_base.tests.test_operation_job: Starting TestOperationJob.test_stale_running_job_is_recovered ... 
2026-09-09 17:26:49,659 33 INFO sf_rc_validation odoo.addons.base.models.ir_attachment: filestore gc 0 checked, 0 removed 
2026-09-09 17:26:49,660 33 INFO sf_rc_validation odoo.addons.sports_federation_base.tests.test_rate_limit: Starting TestFederationRequestRateLimit.test_consume_blocks_after_policy_limit ... 
2026-09-09 17:26:49,674 33 INFO sf_rc_validation odoo.addons.sports_federation_base.tests.test_rate_limit: Starting TestFederationRequestRateLimit.test_consume_resets_when_window_rolls_over ... 
2026-09-09 17:26:49,736 33 INFO sf_rc_validation odoo.addons.base.models.ir_attachment: filestore gc 0 checked, 0 removed 
2026-09-09 17:26:49,736 33 INFO sf_rc_validation odoo.addons.sports_federation_base.tests.test_retention_evidence: Starting TestRetentionEvidence.test_evidence_acl_is_read_only_for_federation_managers ... 
2026-09-09 17:26:49,759 33 INFO sf_rc_validation odoo.addons.sports_federation_base.tests.test_retention_evidence: Starting TestRetentionEvidence.test_policy_health_distinguishes_never_run_and_latest_failure ... 
2026-09-09 17:26:49,770 33 INFO sf_rc_validation odoo.addons.sports_federation_base.tests.test_retention_evidence: Starting TestRetentionEvidence.test_record_execution_keeps_complete_policy_evidence ... 
2026-09-09 17:26:49,830 33 INFO sf_rc_validation odoo.addons.base.models.ir_attachment: filestore gc 0 checked, 0 removed 
2026-09-09 17:26:49,831 33 INFO sf_rc_validation odoo.addons.sports_federation_base.tests.test_route_inventory: Starting TestRouteInventory.test_route_inventory_has_unique_http_entries ... 
2026-09-09 17:26:49,832 33 INFO sf_rc_validation odoo.addons.sports_federation_base.tests.test_route_inventory: Starting TestRouteInventory.test_route_inventory_owner_modules_are_smoke_backed ... 
2026-09-09 17:26:49,889 33 INFO sf_rc_validation odoo.addons.base.models.ir_attachment: filestore gc 0 checked, 0 removed 
2026-09-09 17:26:49,932 33 INFO sf_rc_validation odoo.addons.sports_federation_base.tests.test_tour_season_registration: Starting TestTourSeasonRegistration.test_season_registration_full_lifecycle ... 
2026-09-09 17:26:50,011 33 INFO sf_rc_validation odoo.addons.base.models.ir_attachment: filestore gc 0 checked, 0 removed 
2026-09-09 17:26:50,012 33 INFO sf_rc_validation odoo.modules.loading: Module sports_federation_base loaded in 1.66s (incl. 1.17s test), 609 queries (+952 test, +609 other) 
2026-09-09 17:26:50,117 33 INFO sf_rc_validation odoo.modules.loading: Loading module sports_federation_people (37/67) 
2026-09-09 17:26:50,209 33 INFO sf_rc_validation odoo.registry: module sports_federation_people: creating or updating database tables 
2026-09-09 17:26:50,266 33 INFO sf_rc_validation odoo.modules.loading: loading sports_federation_people/security/ir.model.access.csv 
2026-09-09 17:26:50,274 33 INFO sf_rc_validation odoo.modules.loading: loading sports_federation_people/data/ir_sequence.xml 
2026-09-09 17:26:50,278 33 INFO sf_rc_validation odoo.modules.loading: loading sports_federation_people/views/federation_player_views.xml 
2026-09-09 17:26:50,311 33 INFO sf_rc_validation odoo.modules.loading: loading sports_federation_people/views/federation_player_license_views.xml 
2026-09-09 17:26:50,333 33 INFO sf_rc_validation odoo.modules.loading: loading sports_federation_people/views/menu_items.xml 
2026-09-09 17:26:50,386 33 INFO sf_rc_validation odoo.addons.sports_federation_people.tests.test_people: Starting TestFederationPlayer.test_computed_name ... 
2026-09-09 17:26:50,388 33 INFO sf_rc_validation odoo.addons.sports_federation_people.tests.test_people: Starting TestFederationPlayer.test_create_player ... 
2026-09-09 17:26:50,389 33 INFO sf_rc_validation odoo.addons.sports_federation_people.tests.test_people: Starting TestFederationPlayer.test_future_birth_date_rejected ... 
2026-09-09 17:26:50,393 33 INFO sf_rc_validation odoo.addons.sports_federation_people.tests.test_people: Starting TestFederationPlayer.test_name_search_by_first_name ... 
2026-09-09 17:26:50,395 33 INFO sf_rc_validation odoo.addons.sports_federation_people.tests.test_people: Starting TestFederationPlayer.test_name_search_by_last_name ... 
2026-09-09 17:26:50,397 33 INFO sf_rc_validation odoo.addons.sports_federation_people.tests.test_people: Starting TestFederationPlayer.test_player_state_transitions ... 
2026-09-09 17:26:50,461 33 INFO sf_rc_validation odoo.addons.base.models.ir_attachment: filestore gc 0 checked, 0 removed 
2026-09-09 17:26:50,499 33 INFO sf_rc_validation odoo.addons.sports_federation_people.tests.test_people: Starting TestFederationPlayerLicense.test_create_license ... 
2026-09-09 17:26:50,509 33 INFO sf_rc_validation odoo.addons.sports_federation_people.tests.test_people: Starting TestFederationPlayerLicense.test_duplicate_player_season_rejected ... 
2026-09-09 17:26:50,523 33 INFO sf_rc_validation odoo.addons.sports_federation_people.tests.test_people: Starting TestFederationPlayerLicense.test_license_count_computed ... 
2026-09-09 17:26:50,535 33 INFO sf_rc_validation odoo.addons.sports_federation_people.tests.test_people: Starting TestFederationPlayerLicense.test_license_invalid_dates ... 
2026-09-09 17:26:50,538 33 INFO sf_rc_validation odoo.addons.sports_federation_people.tests.test_people: Starting TestFederationPlayerLicense.test_license_state_transitions ... 
2026-09-09 17:26:50,607 33 INFO sf_rc_validation odoo.addons.base.models.ir_attachment: filestore gc 0 checked, 0 removed 
2026-09-09 17:26:50,634 33 INFO sf_rc_validation odoo.addons.sports_federation_people.tests.test_player_archive: Starting TestPlayerArchive.test_archived_player_not_in_default_search ... 
2026-09-09 17:26:50,642 33 INFO sf_rc_validation odoo.addons.sports_federation_people.tests.test_player_archive: Starting TestPlayerArchive.test_is_eligible_follows_active_license ... 
2026-09-09 17:26:50,658 33 INFO sf_rc_validation odoo.addons.sports_federation_people.tests.test_player_archive: Starting TestPlayerArchive.test_player_can_be_archived ... 
2026-09-09 17:26:50,669 33 INFO sf_rc_validation odoo.addons.sports_federation_people.tests.test_player_archive: Starting TestPlayerArchive.test_player_can_be_restored ... 
2026-09-09 17:26:50,679 33 INFO sf_rc_validation odoo.addons.sports_federation_people.tests.test_player_archive: Starting TestPlayerArchive.test_restored_player_appears_in_search ... 
2026-09-09 17:26:50,747 33 INFO sf_rc_validation odoo.addons.base.models.ir_attachment: filestore gc 0 checked, 0 removed 
2026-09-09 17:26:50,785 33 INFO sf_rc_validation odoo.addons.sports_federation_people.tests.test_player_license: Starting TestPlayerLicense.test_activate_transitions_to_active ... 
2026-09-09 17:26:50,793 33 INFO sf_rc_validation odoo.addons.sports_federation_people.tests.test_player_license: Starting TestPlayerLicense.test_cancel_from_active ... 
2026-09-09 17:26:50,804 33 INFO sf_rc_validation odoo.addons.sports_federation_people.tests.test_player_license: Starting TestPlayerLicense.test_draft_resets_from_active ... 
2026-09-09 17:26:50,815 33 INFO sf_rc_validation odoo.addons.sports_federation_people.tests.test_player_license: Starting TestPlayerLicense.test_duplicate_license_same_player_same_season_blocked ... 
2026-09-09 17:26:50,826 33 ERROR sf_rc_validation odoo.sql_db: bad query: b'INSERT INTO "federation_player_license" ("club_id", "create_date", "create_uid", "expiry_date", "issue_date", "name", "player_id", "season_id", "state", "write_date", "write_uid") VALUES (275, \'2026-09-09T17:26:50.748445\'::timestamp, 1, \'2025-06-30\'::date, \'2024-09-01\'::date, \'LIC-DUP-002\', 172, 190, \'draft\', \'2026-09-09T17:26:50.748445\'::timestamp, 1) RETURNING "id"'
ERROR: duplicate key value violates unique constraint "federation_player_license_player_season_unique"
DETAIL:  Key (player_id, season_id)=(172, 190) already exists.
 
2026-09-09 17:26:50,827 33 INFO sf_rc_validation odoo.addons.sports_federation_people.tests.test_player_license: Starting TestPlayerLicense.test_expiry_before_issue_raises ... 
2026-09-09 17:26:50,831 33 INFO sf_rc_validation odoo.addons.sports_federation_people.tests.test_player_license: Starting TestPlayerLicense.test_expiry_equal_to_issue_raises ... 
2026-09-09 17:26:50,835 33 INFO sf_rc_validation odoo.addons.sports_federation_people.tests.test_player_license: Starting TestPlayerLicense.test_is_eligible_false_after_cancel ... 
2026-09-09 17:26:50,845 33 INFO sf_rc_validation odoo.addons.sports_federation_people.tests.test_player_license: Starting TestPlayerLicense.test_is_eligible_false_with_only_draft_license ... 
2026-09-09 17:26:50,856 33 INFO sf_rc_validation odoo.addons.sports_federation_people.tests.test_player_license: Starting TestPlayerLicense.test_is_eligible_true_with_active_license ... 
2026-09-09 17:26:50,866 33 INFO sf_rc_validation odoo.addons.sports_federation_people.tests.test_player_license: Starting TestPlayerLicense.test_license_different_season_allowed ... 
2026-09-09 17:26:50,878 33 INFO sf_rc_validation odoo.addons.sports_federation_people.tests.test_player_license: Starting TestPlayerLicense.test_new_license_is_draft ... 
2026-09-09 17:26:50,946 33 INFO sf_rc_validation odoo.addons.base.models.ir_attachment: filestore gc 0 checked, 0 removed 
2026-09-09 17:26:50,947 33 INFO sf_rc_validation odoo.modules.loading: Module sports_federation_people loaded in 0.83s (incl. 0.58s test), 181 queries (+488 test, +181 other) 
2026-09-09 17:26:50,947 33 INFO sf_rc_validation odoo.modules.loading: Loading module sports_federation_rules (38/67) 
2026-09-09 17:26:50,958 33 INFO sf_rc_validation odoo.registry: module sports_federation_rules: creating or updating database tables 
2026-09-09 17:26:51,005 33 INFO sf_rc_validation odoo.modules.loading: loading sports_federation_rules/security/ir.model.access.csv 
2026-09-09 17:26:51,018 33 INFO sf_rc_validation odoo.modules.loading: loading sports_federation_rules/views/federation_rule_set_views.xml 
2026-09-09 17:26:51,053 33 INFO sf_rc_validation odoo.modules.loading: loading sports_federation_rules/views/federation_points_rule_views.xml 
2026-09-09 17:26:51,065 33 INFO sf_rc_validation odoo.modules.loading: loading sports_federation_rules/views/federation_tie_break_rule_views.xml 
2026-09-09 17:26:51,080 33 INFO sf_rc_validation odoo.modules.loading: loading sports_federation_rules/views/federation_eligibility_rule_views.xml 
2026-09-09 17:26:51,092 33 INFO sf_rc_validation odoo.modules.loading: loading sports_federation_rules/views/federation_qualification_rule_views.xml 
2026-09-09 17:26:51,104 33 INFO sf_rc_validation odoo.modules.loading: loading sports_federation_rules/views/menu_items.xml 
2026-09-09 17:26:51,143 33 INFO sf_rc_validation odoo.tests.suite: skipped setUpClass (odoo.addons.sports_federation_rules.tests.test_eligibility_service.TestEligibilityService) : federation.tournament not available (installed later) 
2026-09-09 17:26:51,203 33 INFO sf_rc_validation odoo.addons.base.models.ir_attachment: filestore gc 0 checked, 0 removed 
2026-09-09 17:26:51,225 33 INFO sf_rc_validation odoo.addons.sports_federation_rules.tests.test_rule_set: Starting TestFederationRuleSet.test_create_rule_set ... 
2026-09-09 17:26:51,226 33 INFO sf_rc_validation odoo.addons.sports_federation_rules.tests.test_rule_set: Starting TestFederationRuleSet.test_eligibility_placeholder ... 
2026-09-09 17:26:51,229 33 INFO sf_rc_validation odoo.addons.sports_federation_rules.tests.test_rule_set: Starting TestFederationRuleSet.test_eligibility_rules ... 
2026-09-09 17:26:51,233 33 INFO sf_rc_validation odoo.addons.sports_federation_rules.tests.test_rule_set: Starting TestFederationRuleSet.test_points_rule_uniqueness ... 
2026-09-09 17:26:51,238 33 INFO sf_rc_validation odoo.addons.sports_federation_rules.tests.test_rule_set: Starting TestFederationRuleSet.test_points_rules ... 
2026-09-09 17:26:51,242 33 INFO sf_rc_validation odoo.addons.sports_federation_rules.tests.test_rule_set: Starting TestFederationRuleSet.test_qualification_rules ... 
2026-09-09 17:26:51,255 33 INFO sf_rc_validation odoo.addons.sports_federation_rules.tests.test_rule_set: Starting TestFederationRuleSet.test_rule_set_code_unique ... 
2026-09-09 17:26:51,260 33 INFO sf_rc_validation odoo.addons.sports_federation_rules.tests.test_rule_set: Starting TestFederationRuleSet.test_squad_size_constraint ... 
2026-09-09 17:26:51,263 33 INFO sf_rc_validation odoo.addons.sports_federation_rules.tests.test_rule_set: Starting TestFederationRuleSet.test_tie_break_rules ... 
2026-09-09 17:26:51,268 33 INFO sf_rc_validation odoo.addons.sports_federation_rules.tests.test_rule_set: Starting TestFederationRuleSet.test_tie_break_type_uniqueness ... 
2026-09-09 17:26:51,331 33 INFO sf_rc_validation odoo.addons.base.models.ir_attachment: filestore gc 0 checked, 0 removed 
2026-09-09 17:26:51,332 33 INFO sf_rc_validation odoo.modules.loading: Module sports_federation_rules loaded in 0.39s (incl. 0.19s test), 288 queries (+113 test, +288 other) 
2026-09-09 17:26:51,335 33 INFO sf_rc_validation odoo.modules.loading: Loading module sports_federation_tournament (42/67) 
2026-09-09 17:26:51,366 33 INFO sf_rc_validation odoo.registry: module sports_federation_tournament: creating or updating database tables 
2026-09-09 17:26:51,444 33 INFO sf_rc_validation odoo.modules.loading: loading sports_federation_tournament/security/ir.model.access.csv 
2026-09-09 17:26:51,461 33 INFO sf_rc_validation odoo.modules.loading: loading sports_federation_tournament/views/federation_tournament_participant_views.xml 
2026-09-09 17:26:51,491 33 INFO sf_rc_validation odoo.modules.loading: loading sports_federation_tournament/views/federation_match_views.xml 
2026-09-09 17:26:51,516 33 INFO sf_rc_validation odoo.modules.loading: loading sports_federation_tournament/views/federation_tournament_round_views.xml 
2026-09-09 17:26:51,537 33 INFO sf_rc_validation odoo.modules.loading: loading sports_federation_tournament/views/federation_tournament_group_views.xml 
2026-09-09 17:26:51,556 33 INFO sf_rc_validation odoo.modules.loading: loading sports_federation_tournament/views/federation_tournament_stage_views.xml 
2026-09-09 17:26:51,577 33 INFO sf_rc_validation odoo.modules.loading: loading sports_federation_tournament/views/federation_tournament_views.xml 
2026-09-09 17:26:51,600 33 INFO sf_rc_validation odoo.modules.loading: loading sports_federation_tournament/views/federation_competition_edition_views.xml 
2026-09-09 17:26:51,621 33 INFO sf_rc_validation odoo.modules.loading: loading sports_federation_tournament/views/federation_competition_views.xml 
2026-09-09 17:26:51,642 33 INFO sf_rc_validation odoo.modules.loading: loading sports_federation_tournament/views/federation_season_registration_views_inherit.xml 
2026-09-09 17:26:51,675 33 INFO sf_rc_validation odoo.modules.loading: loading sports_federation_tournament/views/federation_season_views_inherit.xml 
2026-09-09 17:26:51,691 33 INFO sf_rc_validation odoo.modules.loading: loading sports_federation_tournament/views/menu_items.xml 
2026-09-09 17:26:51,795 33 INFO sf_rc_validation odoo.addons.sports_federation_tournament.tests.test_bracket_linking: Starting TestBracketLinking.test_advance_bracket_sets_loser_path ... 
2026-09-09 17:26:51,802 33 INFO sf_rc_validation odoo.addons.sports_federation_tournament.tests.test_bracket_linking: Starting TestBracketLinking.test_advance_bracket_sets_winner_home_team ... 
2026-09-09 17:26:51,807 33 INFO sf_rc_validation odoo.addons.sports_federation_tournament.tests.test_bracket_linking: Starting TestBracketLinking.test_next_matches_computed ... 
2026-09-09 17:26:51,809 33 INFO sf_rc_validation odoo.addons.sports_federation_tournament.tests.test_bracket_linking: Starting TestBracketLinking.test_source_match_wiring ... 
2026-09-09 17:26:51,810 33 INFO sf_rc_validation odoo.addons.sports_federation_tournament.tests.test_bracket_linking: Starting TestBracketLinking.test_tied_bracket_advances_explicit_winner ... 
2026-09-09 17:26:51,815 33 INFO sf_rc_validation odoo.addons.sports_federation_tournament.tests.test_bracket_linking: Starting TestBracketLinking.test_tied_bracket_requires_resolution_before_completion ... 
2026-09-09 17:26:51,893 33 INFO sf_rc_validation odoo.addons.base.models.ir_attachment: filestore gc 0 checked, 0 removed 
2026-09-09 17:26:51,917 33 INFO sf_rc_validation odoo.addons.sports_federation_tournament.tests.test_competition: Starting TestFederationCompetition.test_competition_code_unique ... 
2026-09-09 17:26:51,926 33 INFO sf_rc_validation odoo.addons.sports_federation_tournament.tests.test_competition: Starting TestFederationCompetition.test_competition_edition_count ... 
2026-09-09 17:26:51,942 33 INFO sf_rc_validation odoo.addons.sports_federation_tournament.tests.test_competition: Starting TestFederationCompetition.test_competition_rule_set_link ... 
2026-09-09 17:26:51,958 33 INFO sf_rc_validation odoo.addons.sports_federation_tournament.tests.test_competition: Starting TestFederationCompetition.test_competition_state_transitions ... 
2026-09-09 17:26:51,968 33 INFO sf_rc_validation odoo.addons.sports_federation_tournament.tests.test_competition: Starting TestFederationCompetition.test_create_competition ... 
2026-09-09 17:26:51,979 33 INFO sf_rc_validation odoo.addons.sports_federation_tournament.tests.test_competition: Starting TestFederationCompetition.test_create_edition ... 
2026-09-09 17:26:51,993 33 INFO sf_rc_validation odoo.addons.sports_federation_tournament.tests.test_competition: Starting TestFederationCompetition.test_edition_state_transitions ... 
2026-09-09 17:26:52,008 33 INFO sf_rc_validation odoo.addons.sports_federation_tournament.tests.test_competition: Starting TestFederationCompetition.test_edition_tournament_link ... 
2026-09-09 17:26:52,028 33 INFO sf_rc_validation odoo.addons.sports_federation_tournament.tests.test_competition: Starting TestFederationCompetition.test_season_tournament_fields_use_distinct_labels ... 
2026-09-09 17:26:52,039 33 INFO sf_rc_validation odoo.addons.sports_federation_tournament.tests.test_competition: Starting TestFederationCompetition.test_tournament_open_requires_season ... 
2026-09-09 17:26:52,050 33 INFO sf_rc_validation odoo.addons.sports_federation_tournament.tests.test_competition: Starting TestFederationCompetition.test_tournament_participant_backend_domain_uses_eligible_teams ... 
2026-09-09 17:26:52,075 33 INFO sf_rc_validation odoo.addons.sports_federation_tournament.tests.test_competition: Starting TestFederationCompetition.test_tournament_participant_backend_feedback_explains_duplicate_team ... 
2026-09-09 17:26:52,102 33 INFO sf_rc_validation odoo.addons.sports_federation_tournament.tests.test_competition: Starting TestFederationCompetition.test_tournament_participant_rejects_ineligible_team ... 
2026-09-09 17:26:52,133 33 INFO sf_rc_validation odoo.addons.sports_federation_tournament.tests.test_competition: Starting TestFederationCompetition.test_tournament_start_requires_stage_and_archive_rules ... 
2026-09-09 17:26:52,166 33 INFO sf_rc_validation odoo.addons.sports_federation_tournament.tests.test_competition: Starting TestFederationCompetition.test_tournament_team_eligibility_uses_category_and_gender ... 
2026-09-09 17:26:52,255 33 INFO sf_rc_validation odoo.addons.base.models.ir_attachment: filestore gc 0 checked, 0 removed 
2026-09-09 17:26:52,303 33 INFO sf_rc_validation odoo.addons.sports_federation_tournament.tests.test_match: Starting TestFederationMatch.test_action_cancel_from_draft ... 
2026-09-09 17:26:52,312 33 INFO sf_rc_validation odoo.addons.sports_federation_tournament.tests.test_match: Starting TestFederationMatch.test_action_draft_resets_state ... 
2026-09-09 17:26:52,324 33 INFO sf_rc_validation odoo.addons.sports_federation_tournament.tests.test_match: Starting TestFederationMatch.test_bracket_advancement_loser_to_next_away ... 
2026-09-09 17:26:52,339 33 INFO sf_rc_validation odoo.addons.sports_federation_tournament.tests.test_match: Starting TestFederationMatch.test_bracket_advancement_winner_to_next_home ... 
2026-09-09 17:26:52,353 33 INFO sf_rc_validation odoo.addons.sports_federation_tournament.tests.test_match: Starting TestFederationMatch.test_bracket_draw_requires_explicit_resolution ... 
2026-09-09 17:26:52,372 33 INFO sf_rc_validation odoo.addons.sports_federation_tournament.tests.test_match: Starting TestFederationMatch.test_bracket_draw_tiebreak_advances_selected_team ... 
2026-09-09 17:26:52,387 33 INFO sf_rc_validation odoo.addons.sports_federation_tournament.tests.test_match: Starting TestFederationMatch.test_bracket_resolution_rejects_unrelated_advancing_team ... 
2026-09-09 17:26:52,412 33 INFO sf_rc_validation odoo.addons.sports_federation_tournament.tests.test_match: Starting TestFederationMatch.test_get_result_team_away_wins ... 
2026-09-09 17:26:52,423 33 INFO sf_rc_validation odoo.addons.sports_federation_tournament.tests.test_match: Starting TestFederationMatch.test_get_result_team_draw_returns_false ... 
2026-09-09 17:26:52,435 33 INFO sf_rc_validation odoo.addons.sports_federation_tournament.tests.test_match: Starting TestFederationMatch.test_get_result_team_not_done_returns_false ... 
2026-09-09 17:26:52,445 33 INFO sf_rc_validation odoo.addons.sports_federation_tournament.tests.test_match: Starting TestFederationMatch.test_get_result_team_winner ... 
2026-09-09 17:26:52,456 33 INFO sf_rc_validation odoo.addons.sports_federation_tournament.tests.test_match: Starting TestFederationMatch.test_name_computed_from_teams ... 
2026-09-09 17:26:52,467 33 INFO sf_rc_validation odoo.addons.sports_federation_tournament.tests.test_match: Starting TestFederationMatch.test_name_fallback_without_teams ... 
2026-09-09 17:26:52,477 33 INFO sf_rc_validation odoo.addons.sports_federation_tournament.tests.test_match: Starting TestFederationMatch.test_round_date_change_syncs_to_match ... 
2026-09-09 17:26:52,491 33 INFO sf_rc_validation odoo.addons.sports_federation_tournament.tests.test_match: Starting TestFederationMatch.test_round_defaults_fill_tournament_stage ... 
2026-09-09 17:26:52,504 33 INFO sf_rc_validation odoo.addons.sports_federation_tournament.tests.test_match: Starting TestFederationMatch.test_round_scope_wrong_tournament_raises ... 
2026-09-09 17:26:52,527 33 INFO sf_rc_validation odoo.addons.sports_federation_tournament.tests.test_match: Starting TestFederationMatch.test_same_team_home_and_away_raises ... 
2026-09-09 17:26:52,531 33 INFO sf_rc_validation odoo.addons.sports_federation_tournament.tests.test_match: Starting TestFederationMatch.test_schedule_normalisation_round_date_plus_time ... 
2026-09-09 17:26:52,544 33 INFO sf_rc_validation odoo.addons.sports_federation_tournament.tests.test_match: Starting TestFederationMatch.test_state_transitions_full_cycle ... 
2026-09-09 17:26:52,622 33 INFO sf_rc_validation odoo.addons.base.models.ir_attachment: filestore gc 0 checked, 0 removed 
2026-09-09 17:26:52,657 33 INFO sf_rc_validation odoo.addons.sports_federation_tournament.tests.test_participant_lifecycle: Starting TestParticipantLifecycle.test_action_confirm_transitions_to_confirmed ... 
2026-09-09 17:26:52,673 33 INFO sf_rc_validation odoo.addons.sports_federation_tournament.tests.test_participant_lifecycle: Starting TestParticipantLifecycle.test_action_withdraw_transitions_to_withdrawn ... 
2026-09-09 17:26:52,690 33 INFO sf_rc_validation odoo.addons.sports_federation_tournament.tests.test_participant_lifecycle: Starting TestParticipantLifecycle.test_default_state_is_registered ... 
2026-09-09 17:26:52,706 33 INFO sf_rc_validation odoo.addons.sports_federation_tournament.tests.test_participant_lifecycle: Starting TestParticipantLifecycle.test_different_teams_can_participate ... 
2026-09-09 17:26:52,728 33 INFO sf_rc_validation odoo.addons.sports_federation_tournament.tests.test_participant_lifecycle: Starting TestParticipantLifecycle.test_duplicate_participant_blocked ... 
2026-09-09 17:26:52,749 33 INFO sf_rc_validation odoo.addons.sports_federation_tournament.tests.test_participant_lifecycle: Starting TestParticipantLifecycle.test_participant_name_computed ... 
2026-09-09 17:26:52,765 33 INFO sf_rc_validation odoo.addons.sports_federation_tournament.tests.test_participant_lifecycle: Starting TestParticipantLifecycle.test_re_confirm_after_withdrawal ... 
2026-09-09 17:26:52,846 33 INFO sf_rc_validation odoo.addons.base.models.ir_attachment: filestore gc 0 checked, 0 removed 
2026-09-09 17:26:52,873 33 INFO sf_rc_validation odoo.addons.sports_federation_tournament.tests.test_season_closure: Starting TestSeasonClosure.test_close_allowed_mixed_closed_and_cancelled ... 
2026-09-09 17:26:52,886 33 INFO sf_rc_validation odoo.addons.sports_federation_tournament.tests.test_season_closure: Starting TestSeasonClosure.test_close_allowed_when_all_tournaments_cancelled ... 
2026-09-09 17:26:52,902 33 INFO sf_rc_validation odoo.addons.sports_federation_tournament.tests.test_season_closure: Starting TestSeasonClosure.test_close_allowed_when_all_tournaments_closed ... 
2026-09-09 17:26:52,917 33 INFO sf_rc_validation odoo.addons.sports_federation_tournament.tests.test_season_closure: Starting TestSeasonClosure.test_close_allowed_with_no_tournaments ... 
2026-09-09 17:26:52,927 33 INFO sf_rc_validation odoo.addons.sports_federation_tournament.tests.test_season_closure: Starting TestSeasonClosure.test_close_blocked_by_draft_tournament ... 
2026-09-09 17:26:52,940 33 INFO sf_rc_validation odoo.addons.sports_federation_tournament.tests.test_season_closure: Starting TestSeasonClosure.test_close_blocked_by_in_progress_tournament ... 
2026-09-09 17:26:52,952 33 INFO sf_rc_validation odoo.addons.sports_federation_tournament.tests.test_season_closure: Starting TestSeasonClosure.test_close_blocked_by_open_tournament ... 
2026-09-09 17:26:53,029 33 INFO sf_rc_validation odoo.addons.base.models.ir_attachment: filestore gc 0 checked, 0 removed 
2026-09-09 17:26:53,062 33 INFO sf_rc_validation odoo.addons.sports_federation_tournament.tests.test_stage_round_group: Starting TestFederationTournamentStage.test_computed_counts_start_at_zero ... 
2026-09-09 17:26:53,070 33 INFO sf_rc_validation odoo.addons.sports_federation_tournament.tests.test_stage_round_group: Starting TestFederationTournamentStage.test_create_stage ... 
2026-09-09 17:26:53,080 33 INFO sf_rc_validation odoo.addons.sports_federation_tournament.tests.test_stage_round_group: Starting TestFederationTournamentStage.test_date_validation_end_before_start_raises ... 
2026-09-09 17:26:53,084 33 INFO sf_rc_validation odoo.addons.sports_federation_tournament.tests.test_stage_round_group: Starting TestFederationTournamentStage.test_date_validation_same_day_allowed ... 
2026-09-09 17:26:53,094 33 INFO sf_rc_validation odoo.addons.sports_federation_tournament.tests.test_stage_round_group: Starting TestFederationTournamentStage.test_round_count_increments ... 
2026-09-09 17:26:53,107 33 INFO sf_rc_validation odoo.addons.sports_federation_tournament.tests.test_stage_round_group: Starting TestFederationTournamentStage.test_stage_types ... 
2026-09-09 17:26:53,189 33 INFO sf_rc_validation odoo.addons.base.models.ir_attachment: filestore gc 0 checked, 0 removed 
2026-09-09 17:26:53,238 33 INFO sf_rc_validation odoo.addons.sports_federation_tournament.tests.test_stage_round_group: Starting TestFederationTournamentRound.test_auto_name_from_stage ... 
2026-09-09 17:26:53,244 33 INFO sf_rc_validation odoo.addons.sports_federation_tournament.tests.test_stage_round_group: Starting TestFederationTournamentRound.test_auto_name_with_group ... 
2026-09-09 17:26:53,257 33 INFO sf_rc_validation odoo.addons.sports_federation_tournament.tests.test_stage_round_group: Starting TestFederationTournamentRound.test_explicit_name_preserved ... 
2026-09-09 17:26:53,260 33 INFO sf_rc_validation odoo.addons.sports_federation_tournament.tests.test_stage_round_group: Starting TestFederationTournamentRound.test_match_count_computed ... 
2026-09-09 17:26:53,276 33 INFO sf_rc_validation odoo.addons.sports_federation_tournament.tests.test_stage_round_group: Starting TestFederationTournamentRound.test_round_date_change_syncs_match_date ... 
2026-09-09 17:26:53,290 33 INFO sf_rc_validation odoo.addons.sports_federation_tournament.tests.test_stage_round_group: Starting TestFederationTournamentRound.test_round_tournament_related_to_stage ... 
2026-09-09 17:26:53,296 33 INFO sf_rc_validation odoo.addons.sports_federation_tournament.tests.test_stage_round_group: Starting TestFederationTournamentRound.test_sequence_must_be_positive ... 
2026-09-09 17:26:53,302 33 INFO sf_rc_validation odoo.addons.sports_federation_tournament.tests.test_stage_round_group: Starting TestFederationTournamentRound.test_sequence_unique_within_stage_group_scope ... 
2026-09-09 17:26:53,386 33 INFO sf_rc_validation odoo.addons.base.models.ir_attachment: filestore gc 0 checked, 0 removed 
2026-09-09 17:26:53,421 33 INFO sf_rc_validation odoo.addons.sports_federation_tournament.tests.test_stage_round_group: Starting TestFederationTournamentGroup.test_create_group ... 
2026-09-09 17:26:53,429 33 INFO sf_rc_validation odoo.addons.sports_federation_tournament.tests.test_stage_round_group: Starting TestFederationTournamentGroup.test_group_stage_count_updates ... 
2026-09-09 17:26:53,506 33 INFO sf_rc_validation odoo.addons.base.models.ir_attachment: filestore gc 0 checked, 0 removed 
2026-09-09 17:26:53,507 33 INFO sf_rc_validation odoo.modules.loading: Module sports_federation_tournament loaded in 2.17s (incl. 1.77s test), 555 queries (+1742 test, +555 other) 
2026-09-09 17:26:53,507 33 INFO sf_rc_validation odoo.modules.loading: Loading module sports_federation_competition_core (43/67) 
2026-09-09 17:26:53,517 33 INFO sf_rc_validation odoo.registry: module sports_federation_competition_core: creating or updating database tables 
2026-09-09 17:26:53,556 33 INFO sf_rc_validation odoo.modules.loading: loading sports_federation_competition_core/security/security.xml 
2026-09-09 17:26:53,561 33 INFO sf_rc_validation odoo.modules.loading: loading sports_federation_competition_core/security/ir.model.access.csv 
2026-09-09 17:26:53,568 33 INFO sf_rc_validation odoo.modules.loading: loading sports_federation_competition_core/views/competition_edition_views.xml 
2026-09-09 17:26:53,595 33 INFO sf_rc_validation odoo.modules.loading: loading sports_federation_competition_core/views/menu.xml 
2026-09-09 17:26:53,622 33 INFO sf_rc_validation odoo.modules.loading: Module sports_federation_competition_core loaded in 0.12s, 147 queries (+147 other) 
2026-09-09 17:26:53,622 33 INFO sf_rc_validation odoo.modules.loading: Loading module sports_federation_governance (44/67) 
2026-09-09 17:26:53,634 33 INFO sf_rc_validation odoo.registry: module sports_federation_governance: creating or updating database tables 
2026-09-09 17:26:53,674 33 INFO sf_rc_validation odoo.modules.loading: loading sports_federation_governance/security/governance_security.xml 
2026-09-09 17:26:53,689 33 INFO sf_rc_validation odoo.modules.loading: loading sports_federation_governance/security/ir.model.access.csv 
2026-09-09 17:26:53,699 33 INFO sf_rc_validation odoo.modules.loading: loading sports_federation_governance/views/override_request_views.xml 
2026-09-09 17:26:53,731 33 INFO sf_rc_validation odoo.modules.loading: loading sports_federation_governance/views/override_decision_views.xml 
2026-09-09 17:26:53,741 33 INFO sf_rc_validation odoo.modules.loading: loading sports_federation_governance/views/override_outcome_views.xml 
2026-09-09 17:26:53,763 33 INFO sf_rc_validation odoo.modules.loading: loading sports_federation_governance/views/audit_note_views.xml 
2026-09-09 17:26:53,773 33 INFO sf_rc_validation odoo.modules.loading: loading sports_federation_governance/views/menu_views.xml 
2026-09-09 17:26:53,804 33 INFO sf_rc_validation odoo.addons.sports_federation_governance.tests.test_governance: Starting TestGovernance.test_approve_creates_decision ... 
2026-09-09 17:26:53,818 33 INFO sf_rc_validation odoo.addons.sports_federation_governance.tests.test_governance: Starting TestGovernance.test_close_after_implementation ... 
2026-09-09 17:26:53,834 33 INFO sf_rc_validation odoo.addons.sports_federation_governance.tests.test_governance: Starting TestGovernance.test_close_after_rejection ... 
2026-09-09 17:26:53,847 33 INFO sf_rc_validation odoo.addons.sports_federation_governance.tests.test_governance: Starting TestGovernance.test_close_guard_draft_and_approved_blocked ... 
2026-09-09 17:26:53,866 33 INFO sf_rc_validation odoo.addons.sports_federation_governance.tests.test_governance: Starting TestGovernance.test_create_override_request ... 
2026-09-09 17:26:53,876 33 INFO sf_rc_validation odoo.addons.sports_federation_governance.tests.test_governance: Starting TestGovernance.test_empty_reason_validation ... 
2026-09-09 17:26:53,879 33 INFO sf_rc_validation odoo.addons.sports_federation_governance.tests.test_governance: Starting TestGovernance.test_full_lifecycle_draft_to_closed ... 
2026-09-09 17:26:53,891 33 INFO sf_rc_validation odoo.addons.sports_federation_governance.tests.test_governance: Starting TestGovernance.test_implement_guard_requires_approved_state ... 
2026-09-09 17:26:53,919 33 INFO sf_rc_validation odoo.addons.sports_federation_governance.tests.test_governance: Starting TestGovernance.test_implementation_note_recorded_in_outcome ... 
2026-09-09 17:26:53,931 33 INFO sf_rc_validation odoo.addons.sports_federation_governance.tests.test_governance: Starting TestGovernance.test_mark_implemented ... 
2026-09-09 17:26:53,944 33 INFO sf_rc_validation odoo.addons.sports_federation_governance.tests.test_governance: Starting TestGovernance.test_override_models_use_shared_state_selections ... 
2026-09-09 17:26:53,944 33 INFO sf_rc_validation odoo.addons.sports_federation_governance.tests.test_governance: Starting TestGovernance.test_override_outcome_records_request_snapshot ... 
2026-09-09 17:26:53,955 33 INFO sf_rc_validation odoo.addons.sports_federation_governance.tests.test_governance: Starting TestGovernance.test_reject_creates_decision ... 
2026-09-09 17:26:53,967 33 INFO sf_rc_validation odoo.addons.sports_federation_governance.tests.test_governance: Starting TestGovernance.test_submit_guard_blocks_non_draft ... 
2026-09-09 17:26:53,987 33 INFO sf_rc_validation odoo.addons.sports_federation_governance.tests.test_governance: Starting TestGovernance.test_submit_override_request ... 
2026-09-09 17:26:53,996 33 INFO sf_rc_validation odoo.addons.sports_federation_governance.tests.test_governance: Starting TestGovernance.test_target_validation ... 
2026-09-09 17:26:54,000 33 INFO sf_rc_validation odoo.addons.sports_federation_governance.tests.test_governance: Starting TestGovernance.test_whitespace_only_reason_is_rejected ... 
2026-09-09 17:26:54,002 33 INFO sf_rc_validation odoo.addons.sports_federation_governance.tests.test_governance: Starting TestGovernance.test_withdraw_returns_submitted_request_to_draft ... 
2026-09-09 17:26:54,085 33 INFO sf_rc_validation odoo.addons.base.models.ir_attachment: filestore gc 0 checked, 0 removed 
2026-09-09 17:26:54,109 33 INFO sf_rc_validation odoo.addons.sports_federation_governance.tests.test_tour_governance_override: Starting TestTourGovernanceOverride.test_governance_override_approval_path ... 
2026-09-09 17:26:54,121 33 INFO sf_rc_validation odoo.addons.sports_federation_governance.tests.test_tour_governance_override: Starting TestTourGovernanceOverride.test_governance_override_rejection_path ... 
2026-09-09 17:26:54,199 33 INFO sf_rc_validation odoo.addons.base.models.ir_attachment: filestore gc 0 checked, 0 removed 
2026-09-09 17:26:54,199 33 INFO sf_rc_validation odoo.modules.loading: Module sports_federation_governance loaded in 0.58s (incl. 0.40s test), 231 queries (+427 test, +231 other) 
2026-09-09 17:26:54,199 33 INFO sf_rc_validation odoo.modules.loading: Loading module sports_federation_import_tools (45/67) 
2026-09-09 17:26:54,220 33 INFO sf_rc_validation odoo.registry: module sports_federation_import_tools: creating or updating database tables 
2026-09-09 17:26:54,306 33 INFO sf_rc_validation odoo.modules.loading: loading sports_federation_import_tools/security/ir.model.access.csv 
2026-09-09 17:26:54,330 33 INFO sf_rc_validation odoo.modules.loading: loading sports_federation_import_tools/data/import_template_data.xml 
2026-09-09 17:26:54,337 33 INFO sf_rc_validation odoo.modules.loading: loading sports_federation_import_tools/data/integration_contract_data.xml 
2026-09-09 17:26:54,349 33 INFO sf_rc_validation odoo.modules.loading: loading sports_federation_import_tools/data/integration_retention_cron.xml 
2026-09-09 17:26:54,351 33 INFO sf_rc_validation odoo.modules.loading: loading sports_federation_import_tools/data/integration_token_rotation_cron.xml 
2026-09-09 17:26:54,353 33 INFO sf_rc_validation odoo.modules.loading: loading sports_federation_import_tools/views/import_governance_views.xml 
2026-09-09 17:26:54,392 33 INFO sf_rc_validation odoo.modules.loading: loading sports_federation_import_tools/views/integration_partner_views.xml 
2026-09-09 17:26:54,454 33 INFO sf_rc_validation odoo.modules.loading: loading sports_federation_import_tools/views/import_wizard_views.xml 
2026-09-09 17:26:54,498 33 INFO sf_rc_validation odoo.modules.loading: loading sports_federation_import_tools/views/menu_views.xml 
2026-09-09 17:26:54,587 33 INFO sf_rc_validation odoo.addons.sports_federation_import_tools.tests.test_import_tools: Starting TestImportTools.test_all_import_wizards_inherit_shared_mixin ... 
2026-09-09 17:26:54,590 33 INFO sf_rc_validation odoo.addons.sports_federation_import_tools.tests.test_import_tools: Starting TestImportTools.test_completed_import_job_records_typed_feedback_for_row_errors ... 
2026-09-09 17:26:54,644 33 INFO sf_rc_validation odoo.addons.sports_federation_import_tools.tests.test_import_tools: Starting TestImportTools.test_delivery_retention_purges_old_processed_records_and_payloads ... 
2026-09-09 17:26:54,662 33 INFO sf_rc_validation odoo.models.unlink: User #1 deleted ir.attachment records with IDs: [5620] 
2026-09-09 17:26:54,667 33 INFO sf_rc_validation odoo.models.unlink: User #1 deleted federation.integration.delivery records with IDs: [14] 
2026-09-09 17:26:54,670 33 INFO sf_rc_validation odoo.addons.sports_federation_import_tools.tests.test_import_tools: Starting TestImportTools.test_failed_delivery_records_typed_operator_feedback ... 
2026-09-09 17:26:54,677 33 INFO sf_rc_validation odoo.addons.sports_federation_import_tools.tests.test_import_tools: Starting TestImportTools.test_import_clubs_dry_run_exposes_mapping_guide ... 
2026-09-09 17:26:54,689 33 INFO sf_rc_validation odoo.addons.sports_federation_import_tools.tests.test_import_tools: Starting TestImportTools.test_import_governance_invalidates_approval_when_file_changes ... 
2026-09-09 17:26:54,718 33 INFO sf_rc_validation odoo.addons.sports_federation_import_tools.tests.test_import_tools: Starting TestImportTools.test_import_governance_requires_approval_for_live_run ... 
2026-09-09 17:26:54,756 33 INFO sf_rc_validation odoo.addons.sports_federation_import_tools.tests.test_import_tools: Starting TestImportTools.test_import_job_uses_shared_state_selection ... 
2026-09-09 17:26:54,757 33 INFO sf_rc_validation odoo.addons.sports_federation_import_tools.tests.test_import_tools: Starting TestImportTools.test_import_players_splits_legacy_name_and_sets_club ... 
2026-09-09 17:26:54,801 33 INFO sf_rc_validation odoo.addons.sports_federation_import_tools.tests.test_import_tools: Starting TestImportTools.test_import_seasons_reports_format_errors_by_category ... 
2026-09-09 17:26:54,833 33 INFO sf_rc_validation odoo.addons.sports_federation_import_tools.tests.test_import_tools: Starting TestImportTools.test_import_seasons_supports_planning_targets ... 
2026-09-09 17:26:54,865 33 INFO sf_rc_validation odoo.addons.sports_federation_import_tools.tests.test_import_tools: Starting TestImportTools.test_import_teams_resolves_club_by_code ... 
2026-09-09 17:26:54,898 33 INFO sf_rc_validation odoo.addons.sports_federation_import_tools.tests.test_import_tools: Starting TestImportTools.test_import_tournament_participants_accepts_codes_and_seed ... 
2026-09-09 17:26:54,941 33 INFO sf_rc_validation odoo.addons.sports_federation_import_tools.tests.test_import_tools: Starting TestImportTools.test_import_tournament_participants_duplicate_skip ... 
2026-09-09 17:26:54,974 33 INFO sf_rc_validation odoo.addons.sports_federation_import_tools.tests.test_import_tools: Starting TestImportTools.test_import_wizard_dry_run_returns_reopen_wizard ... 
2026-09-09 17:26:54,981 33 INFO sf_rc_validation odoo.addons.sports_federation_import_tools.tests.test_import_tools: Starting TestImportTools.test_import_wizard_live_success_returns_display_notification ... 
2026-09-09 17:26:55,012 33 INFO sf_rc_validation odoo.addons.sports_federation_import_tools.tests.test_import_tools: Starting TestImportTools.test_import_wizard_live_with_errors_returns_reopen_wizard ... 
2026-09-09 17:26:55,041 33 INFO sf_rc_validation odoo.addons.sports_federation_import_tools.tests.test_import_tools: Starting TestImportTools.test_import_wizard_mixin_categorizes_common_errors ... 
2026-09-09 17:26:55,046 33 INFO sf_rc_validation odoo.addons.sports_federation_import_tools.tests.test_import_tools: Starting TestImportTools.test_import_wizard_mixin_composes_split_helpers ... 
2026-09-09 17:26:55,047 33 INFO sf_rc_validation odoo.addons.sports_federation_import_tools.tests.test_import_tools: Starting TestImportTools.test_import_wizard_mixin_executes_shared_row_create_flow ... 
2026-09-09 17:26:55,052 33 INFO sf_rc_validation odoo.addons.sports_federation_import_tools.tests.test_import_tools: Starting TestImportTools.test_inbound_delivery_links_to_governed_import_flow ... 
2026-09-09 17:26:55,118 33 INFO sf_rc_validation odoo.addons.sports_federation_import_tools.tests.test_import_tools: Starting TestImportTools.test_inbound_delivery_model_composes_split_helpers ... 
2026-09-09 17:26:55,118 33 INFO sf_rc_validation odoo.addons.sports_federation_import_tools.tests.test_import_tools: Starting TestImportTools.test_inbound_delivery_rejects_conflicting_idempotency_key_reuse ... 
2026-09-09 17:26:55,129 33 INFO sf_rc_validation odoo.addons.sports_federation_import_tools.tests.test_import_tools: Starting TestImportTools.test_inbound_delivery_rejects_disallowed_payload_extension ... 
2026-09-09 17:26:55,134 33 INFO sf_rc_validation odoo.addons.sports_federation_import_tools.tests.test_import_tools: Starting TestImportTools.test_inbound_delivery_rejects_oversized_payload ... 
2026-09-09 17:26:55,180 33 INFO sf_rc_validation odoo.addons.sports_federation_import_tools.tests.test_import_tools: Starting TestImportTools.test_inbound_delivery_rejects_payloads_that_fail_malware_scan ... 
2026-09-09 17:26:55,185 33 INFO sf_rc_validation odoo.addons.sports_federation_import_tools.tests.test_import_tools: Starting TestImportTools.test_inbound_delivery_reuses_idempotency_key_after_processing ... 
2026-09-09 17:26:55,194 33 INFO sf_rc_validation odoo.addons.sports_federation_import_tools.tests.test_import_tools: Starting TestImportTools.test_inbound_delivery_reuses_matching_idempotency_key ... 
2026-09-09 17:26:55,202 33 INFO sf_rc_validation odoo.addons.sports_federation_import_tools.tests.test_import_tools: Starting TestImportTools.test_inbound_delivery_stages_and_reuses_duplicate_payloads ... 
2026-09-09 17:26:55,210 33 INFO sf_rc_validation odoo.addons.sports_federation_import_tools.tests.test_import_tools: Starting TestImportTools.test_inbound_delivery_uses_shared_state_selection ... 
2026-09-09 17:26:55,210 33 INFO sf_rc_validation odoo.addons.sports_federation_import_tools.tests.test_import_tools: Starting TestImportTools.test_integration_partner_model_composes_split_helpers ... 
2026-09-09 17:26:55,210 33 INFO sf_rc_validation odoo.addons.sports_federation_import_tools.tests.test_import_tools: Starting TestImportTools.test_legacy_plaintext_tokens_are_migrated_and_flagged ... 
2026-09-09 17:26:55,689 33 INFO sf_rc_validation odoo.addons.sports_federation_import_tools.tests.test_import_tools: Starting TestImportTools.test_partner_authentication_requires_subscription ... 
2026-09-09 17:26:56,419 33 INFO sf_rc_validation odoo.addons.sports_federation_import_tools.tests.test_import_tools: Starting TestImportTools.test_partner_token_rotation_hashes_storage_and_returns_usable_secret ... 
2026-09-09 17:26:56,918 33 INFO sf_rc_validation odoo.addons.sports_federation_import_tools.tests.test_import_tools: Starting TestImportTools.test_shared_workflow_helper_maps_job_completion_to_delivery_state ... 
2026-09-09 17:26:56,992 33 INFO sf_rc_validation odoo.addons.base.models.ir_attachment: filestore gc 21 checked, 21 removed 
2026-09-09 17:26:57,245 33 INFO sf_rc_validation odoo.addons.sports_federation_import_tools.tests.test_integration_api: Starting TestIntegrationApi.test_contracts_route_echoes_header_correlation_id ... 
2026-09-09 17:26:57,488 33 INFO sf_rc_validation odoo.addons.sports_federation_import_tools.tests.test_integration_api: Starting TestIntegrationApi.test_contracts_route_rate_limits_repeat_callers ... 
2026-09-09 17:26:57,735 33 INFO sf_rc_validation odoo.addons.sports_federation_import_tools.tests.test_integration_api: Starting TestIntegrationApi.test_contracts_route_returns_401_for_query_string_credentials ... 
2026-09-09 17:26:57,739 33 INFO sf_rc_validation odoo.addons.sports_federation_import_tools.tests.test_integration_api: Starting TestIntegrationApi.test_finance_events_route_rate_limits_repeat_callers ... 
2026-09-09 17:26:57,990 33 INFO sf_rc_validation odoo.addons.sports_federation_import_tools.tests.test_integration_api: Starting TestIntegrationApi.test_finance_events_route_reports_effective_page_limit ... 
2026-09-09 17:26:57,992 33 INFO sf_rc_validation odoo.addons.sports_federation_import_tools.tests.test_integration_api: Starting TestIntegrationApi.test_finance_events_route_returns_400_for_invalid_cursor ... 
2026-09-09 17:26:57,993 33 INFO sf_rc_validation odoo.addons.sports_federation_import_tools.tests.test_integration_api: Starting TestIntegrationApi.test_finance_events_route_returns_400_for_invalid_limit ... 
2026-09-09 17:26:57,995 33 INFO sf_rc_validation odoo.addons.sports_federation_import_tools.tests.test_integration_api: Starting TestIntegrationApi.test_finance_events_route_supports_cursor_pagination ... 
2026-09-09 17:26:57,997 33 INFO sf_rc_validation odoo.addons.sports_federation_import_tools.tests.test_integration_api: Starting TestIntegrationApi.test_finance_events_route_uses_cursor_batch_when_no_params_are_supplied ... 
2026-09-09 17:26:57,999 33 INFO sf_rc_validation odoo.addons.sports_federation_import_tools.tests.test_integration_api: Starting TestIntegrationApi.test_get_credentials_accepts_bearer_authorization ... 
2026-09-09 17:26:58,000 33 INFO sf_rc_validation odoo.addons.sports_federation_import_tools.tests.test_integration_api: Starting TestIntegrationApi.test_get_credentials_accepts_custom_headers ... 
2026-09-09 17:26:58,001 33 INFO sf_rc_validation odoo.addons.sports_federation_import_tools.tests.test_integration_api: Starting TestIntegrationApi.test_get_credentials_rejects_mixed_header_and_query_credentials ... 
2026-09-09 17:26:58,003 33 INFO sf_rc_validation odoo.addons.sports_federation_import_tools.tests.test_integration_api: Starting TestIntegrationApi.test_get_credentials_rejects_query_string_credentials ... 
2026-09-09 17:26:58,004 33 INFO sf_rc_validation odoo.addons.sports_federation_import_tools.tests.test_integration_api: Starting TestIntegrationApi.test_inbound_route_accepts_idempotency_key_header ... 
2026-09-09 17:26:58,258 33 INFO sf_rc_validation odoo.addons.sports_federation_import_tools.tests.test_integration_api: Starting TestIntegrationApi.test_inbound_route_exposes_checksum_reuse_without_idempotency_key ... 
2026-09-09 17:26:58,745 33 INFO sf_rc_validation odoo.addons.sports_federation_import_tools.tests.test_integration_api: Starting TestIntegrationApi.test_inbound_route_marks_idempotent_replay_in_headers ... 
2026-09-09 17:26:59,234 33 INFO sf_rc_validation odoo.addons.sports_federation_import_tools.tests.test_integration_api: Starting TestIntegrationApi.test_inbound_route_rate_limits_repeat_callers ... 
2026-09-09 17:26:59,491 33 INFO sf_rc_validation odoo.addons.sports_federation_import_tools.tests.test_integration_api: Starting TestIntegrationApi.test_inbound_route_returns_400_for_conflicting_idempotency_key ... 
2026-09-09 17:27:00,001 33 INFO sf_rc_validation odoo.addons.sports_federation_import_tools.tests.test_integration_api: Starting TestIntegrationApi.test_inbound_route_returns_400_for_disallowed_payload_extension ... 
2026-09-09 17:27:00,255 33 INFO sf_rc_validation odoo.addons.sports_federation_import_tools.tests.test_integration_api: Starting TestIntegrationApi.test_inbound_route_returns_503_when_scanner_cannot_verify_payload ... 
2026-09-09 17:27:00,499 33 INFO sf_rc_validation odoo.addons.sports_federation_import_tools.tests.test_integration_api: Starting TestIntegrationApi.test_integration_api_controller_composes_split_helpers ... 
2026-09-09 17:27:00,572 33 INFO sf_rc_validation odoo.addons.base.models.ir_attachment: filestore gc 3 checked, 3 removed 
2026-09-09 17:27:00,821 33 INFO sf_rc_validation odoo.addons.sports_federation_import_tools.tests.test_token_rotation_cron: Starting TestTokenRotationCron.test_already_flagged_partner_is_skipped ... 
2026-09-09 17:27:00,825 33 INFO sf_rc_validation odoo.addons.sports_federation_import_tools.tests.test_token_rotation_cron: Starting TestTokenRotationCron.test_custom_max_days_param_is_respected ... 
2026-09-09 17:27:00,830 33 INFO sf_rc_validation odoo.addons.sports_federation_import_tools.tests.test_token_rotation_cron: Starting TestTokenRotationCron.test_fresh_token_is_not_flagged ... 
2026-09-09 17:27:00,833 33 INFO sf_rc_validation odoo.addons.sports_federation_import_tools.tests.test_token_rotation_cron: Starting TestTokenRotationCron.test_null_rotation_date_is_flagged ... 
2026-09-09 17:27:00,835 33 INFO sf_rc_validation odoo.addons.sports_federation_import_tools.tests.test_token_rotation_cron: Starting TestTokenRotationCron.test_stale_token_is_flagged ... 
2026-09-09 17:27:00,909 33 INFO sf_rc_validation odoo.addons.base.models.ir_attachment: filestore gc 0 checked, 0 removed 
2026-09-09 17:27:00,909 33 INFO sf_rc_validation odoo.addons.sports_federation_import_tools.tests.test_tour_data_import: Starting TestTourDataImport.test_import_approval_invalidated_by_file_change ... 
2026-09-09 17:27:00,957 33 INFO sf_rc_validation odoo.addons.sports_federation_import_tools.tests.test_tour_data_import: Starting TestTourDataImport.test_import_clubs_dry_run_then_live ... 
2026-09-09 17:27:01,074 33 INFO sf_rc_validation odoo.addons.base.models.ir_attachment: filestore gc 3 checked, 3 removed 
2026-09-09 17:27:01,074 33 INFO sf_rc_validation odoo.modules.loading: Module sports_federation_import_tools loaded in 6.87s (incl. 6.51s test), 559 queries (+1428 test, +559 other) 
2026-09-09 17:27:01,074 33 INFO sf_rc_validation odoo.modules.loading: Loading module sports_federation_result_control (46/67) 
2026-09-09 17:27:01,084 33 INFO sf_rc_validation odoo.registry: module sports_federation_result_control: creating or updating database tables 
2026-09-09 17:27:01,123 33 INFO sf_rc_validation odoo.modules.loading: loading sports_federation_result_control/security/result_control_security.xml 
2026-09-09 17:27:01,138 33 INFO sf_rc_validation odoo.modules.loading: loading sports_federation_result_control/security/ir.model.access.csv 
2026-09-09 17:27:01,146 33 INFO sf_rc_validation odoo.modules.loading: loading sports_federation_result_control/views/match_views_inherit.xml 
2026-09-09 17:27:01,551 33 INFO sf_rc_validation odoo.addons.sports_federation_result_control.tests.test_result_control: Starting TestResultControl.test_action_open_tournament_returns_owner_form ... 
2026-09-09 17:27:01,569 33 INFO sf_rc_validation odoo.addons.sports_federation_result_control.tests.test_result_control: Starting TestResultControl.test_approve_requires_approver_role ... 
2026-09-09 17:27:01,614 33 INFO sf_rc_validation odoo.addons.sports_federation_result_control.tests.test_result_control: Starting TestResultControl.test_approve_result_sets_official_flag ... 
2026-09-09 17:27:01,668 33 INFO sf_rc_validation odoo.addons.sports_federation_result_control.tests.test_result_control: Starting TestResultControl.test_approved_scores_are_immutable ... 
2026-09-09 17:27:01,719 33 INFO sf_rc_validation odoo.addons.sports_federation_result_control.tests.test_result_control: Starting TestResultControl.test_contest_and_correction_reasons_are_audited ... 
2026-09-09 17:27:01,761 33 INFO sf_rc_validation odoo.addons.sports_federation_result_control.tests.test_result_control: Starting TestResultControl.test_contest_requires_reason ... 
2026-09-09 17:27:01,792 33 INFO sf_rc_validation odoo.addons.sports_federation_result_control.tests.test_result_control: Starting TestResultControl.test_contest_sets_flags ... 
2026-09-09 17:27:01,855 33 INFO sf_rc_validation odoo.addons.sports_federation_result_control.tests.test_result_control: Starting TestResultControl.test_correct_requires_reason ... 
2026-09-09 17:27:01,893 33 INFO sf_rc_validation odoo.addons.sports_federation_result_control.tests.test_result_control: Starting TestResultControl.test_correct_sets_flags ... 
2026-09-09 17:27:01,933 33 INFO sf_rc_validation odoo.addons.sports_federation_result_control.tests.test_result_control: Starting TestResultControl.test_corrected_result_can_be_resubmitted ... 
2026-09-09 17:27:01,982 33 INFO sf_rc_validation odoo.addons.sports_federation_result_control.tests.test_result_control: Starting TestResultControl.test_invalid_transition_raises ... 
2026-09-09 17:27:02,019 33 INFO sf_rc_validation odoo.addons.sports_federation_result_control.tests.test_result_control: Starting TestResultControl.test_reset_to_draft ... 
2026-09-09 17:27:02,076 33 INFO sf_rc_validation odoo.addons.sports_federation_result_control.tests.test_result_control: Starting TestResultControl.test_result_actions_return_structured_command_results ... 
2026-09-09 17:27:02,127 33 INFO sf_rc_validation odoo.addons.sports_federation_result_control.tests.test_result_control: Starting TestResultControl.test_result_audit_entries_follow_workflow_transitions ... 
2026-09-09 17:27:02,180 33 INFO sf_rc_validation odoo.addons.sports_federation_result_control.tests.test_result_control: Starting TestResultControl.test_same_user_cannot_approve_own_verification ... 
2026-09-09 17:27:02,222 33 INFO sf_rc_validation odoo.addons.sports_federation_result_control.tests.test_result_control: Starting TestResultControl.test_same_user_cannot_verify_after_submitting_corrected_cycle ... 
2026-09-09 17:27:02,303 33 INFO sf_rc_validation odoo.addons.sports_federation_result_control.tests.test_result_control: Starting TestResultControl.test_same_user_cannot_verify_own_submission ... 
2026-09-09 17:27:02,334 33 INFO sf_rc_validation odoo.addons.sports_federation_result_control.tests.test_result_control: Starting TestResultControl.test_submit_result ... 
2026-09-09 17:27:02,362 33 INFO sf_rc_validation odoo.addons.sports_federation_result_control.tests.test_result_control: Starting TestResultControl.test_transition_failure_rolls_back_result_submission ... 
2026-09-09 17:27:02,377 33 INFO sf_rc_validation odoo.addons.sports_federation_result_control.tests.test_result_control: Starting TestResultControl.test_verify_requires_validator_role ... 
2026-09-09 17:27:02,405 33 INFO sf_rc_validation odoo.addons.sports_federation_result_control.tests.test_result_control: Starting TestResultControl.test_verify_result ... 
2026-09-09 17:27:02,445 33 INFO sf_rc_validation odoo.addons.sports_federation_result_control.tests.test_result_control: Starting TestResultControl.test_workflow_transition_audit_covers_complete_result_lifecycle ... 
2026-09-09 17:27:02,593 33 INFO sf_rc_validation odoo.addons.base.models.ir_attachment: filestore gc 4 checked, 4 removed 
2026-09-09 17:27:02,869 33 INFO sf_rc_validation odoo.addons.sports_federation_result_control.tests.test_tour_result_pipeline: Starting TestTourResultPipeline.test_result_pipeline_full_cycle ... 
2026-09-09 17:27:03,039 33 INFO sf_rc_validation odoo.addons.base.models.ir_attachment: filestore gc 3 checked, 3 removed 
2026-09-09 17:27:03,040 33 INFO sf_rc_validation odoo.modules.loading: Module sports_federation_result_control loaded in 1.97s (incl. 1.83s test), 145 queries (+2670 test, +145 other) 
2026-09-09 17:27:03,040 33 INFO sf_rc_validation odoo.modules.loading: Loading module sports_federation_rosters (47/67) 
2026-09-09 17:27:03,058 33 INFO sf_rc_validation odoo.registry: module sports_federation_rosters: creating or updating database tables 
2026-09-09 17:27:03,136 33 INFO sf_rc_validation odoo.modules.loading: loading sports_federation_rosters/security/ir.model.access.csv 
2026-09-09 17:27:03,152 33 INFO sf_rc_validation odoo.modules.loading: loading sports_federation_rosters/views/team_roster_views.xml 
2026-09-09 17:27:03,186 33 INFO sf_rc_validation odoo.modules.loading: loading sports_federation_rosters/views/match_sheet_views.xml 
2026-09-09 17:27:03,210 33 INFO sf_rc_validation odoo.modules.loading: loading sports_federation_rosters/views/season_registration_views_inherit.xml 
2026-09-09 17:27:03,224 33 INFO sf_rc_validation odoo.modules.loading: loading sports_federation_rosters/views/tournament_participant_views_inherit.xml 
2026-09-09 17:27:03,239 33 INFO sf_rc_validation odoo.modules.loading: loading sports_federation_rosters/views/team_views_inherit.xml 
2026-09-09 17:27:03,263 33 INFO sf_rc_validation odoo.modules.loading: loading sports_federation_rosters/views/player_views_inherit.xml 
2026-09-09 17:27:03,278 33 INFO sf_rc_validation odoo.modules.loading: loading sports_federation_rosters/views/match_views_inherit.xml 
2026-09-09 17:27:03,300 33 INFO sf_rc_validation odoo.modules.loading: loading sports_federation_rosters/views/menu_views.xml 
2026-09-09 17:27:03,373 33 INFO sf_rc_validation odoo.addons.sports_federation_rosters.tests.test_match_sheets: Starting TestMatchSheets.test_approved_match_sheet_allows_substitution_updates_but_not_lineup_changes ... 
2026-09-09 17:27:03,417 33 INFO sf_rc_validation odoo.addons.sports_federation_rosters.tests.test_match_sheets: Starting TestMatchSheets.test_auto_match_sheets_created_on_match_create ... 
2026-09-09 17:27:03,463 33 INFO sf_rc_validation odoo.addons.sports_federation_rosters.tests.test_match_sheets: Starting TestMatchSheets.test_auto_match_sheets_no_duplicate_on_second_create ... 
2026-09-09 17:27:03,489 33 INFO sf_rc_validation odoo.addons.sports_federation_rosters.tests.test_match_sheets: Starting TestMatchSheets.test_create_match_sheet ... 
2026-09-09 17:27:03,502 33 INFO sf_rc_validation odoo.addons.sports_federation_rosters.tests.test_match_sheets: Starting TestMatchSheets.test_lock_blocks_any_further_match_sheet_changes ... 
2026-09-09 17:27:03,543 33 INFO sf_rc_validation odoo.addons.sports_federation_rosters.tests.test_match_sheets: Starting TestMatchSheets.test_match_sheet_line_starter_substitute_validation ... 
2026-09-09 17:27:03,558 33 INFO sf_rc_validation odoo.addons.sports_federation_rosters.tests.test_match_sheets: Starting TestMatchSheets.test_match_sheet_line_unique_player ... 
2026-09-09 17:27:03,575 33 ERROR sf_rc_validation odoo.sql_db: bad query: b'INSERT INTO "federation_match_sheet_line" ("create_date", "create_uid", "is_captain", "is_starter", "is_substitute", "match_sheet_id", "player_id", "write_date", "write_uid") VALUES (\'2026-09-09T17:27:03.329368\'::timestamp, 1, false, false, false, 1315, 174, \'2026-09-09T17:27:03.329368\'::timestamp, 1) RETURNING "id"'
ERROR: duplicate key value violates unique constraint "federation_match_sheet_line_unique_match_sheet_player"
DETAIL:  Key (match_sheet_id, player_id)=(1315, 174) already exists.
 
2026-09-09 17:27:03,576 33 INFO sf_rc_validation odoo.addons.sports_federation_rosters.tests.test_match_sheets: Starting TestMatchSheets.test_match_sheet_reset_to_draft_requires_submitted_state ... 
2026-09-09 17:27:03,619 33 INFO sf_rc_validation odoo.addons.sports_federation_rosters.tests.test_match_sheets: Starting TestMatchSheets.test_match_sheet_side_team_consistency ... 
2026-09-09 17:27:03,639 33 INFO sf_rc_validation odoo.addons.sports_federation_rosters.tests.test_match_sheets: Starting TestMatchSheets.test_match_sheet_submit_blocks_ineligible_players_with_reason ... 
2026-09-09 17:27:03,684 33 INFO sf_rc_validation odoo.addons.sports_federation_rosters.tests.test_match_sheets: Starting TestMatchSheets.test_match_sheet_submit_enforces_squad_minimum ... 
2026-09-09 17:27:03,728 33 INFO sf_rc_validation odoo.addons.sports_federation_rosters.tests.test_match_sheets: Starting TestMatchSheets.test_match_sheet_substitution_minutes_require_valid_roles ... 
2026-09-09 17:27:03,745 33 INFO sf_rc_validation odoo.addons.sports_federation_rosters.tests.test_match_sheets: Starting TestMatchSheets.test_match_sheet_unique_per_match_team_side ... 
2026-09-09 17:27:03,759 33 ERROR sf_rc_validation odoo.sql_db: bad query: b'INSERT INTO "federation_match_sheet" ("create_date", "create_uid", "match_id", "name", "side", "state", "team_id", "write_date", "write_uid") VALUES (\'2026-09-09T17:27:03.329368\'::timestamp, 1, 724, \'Duplicate Home Sheet\', \'home\', \'draft\', 555, \'2026-09-09T17:27:03.329368\'::timestamp, 1) RETURNING "id"'
ERROR: duplicate key value violates unique constraint "federation_match_sheet_unique_match_team_side"
DETAIL:  Key (match_id, team_id, side)=(724, 555, home) already exists.
 
2026-09-09 17:27:03,838 33 INFO sf_rc_validation odoo.addons.base.models.ir_attachment: filestore gc 0 checked, 0 removed 
2026-09-09 17:27:03,887 33 INFO sf_rc_validation odoo.addons.sports_federation_rosters.tests.test_roster_lifecycle: Starting TestRosterLifecycle.test_activate_with_active_line_succeeds ... 
2026-09-09 17:27:03,904 33 INFO sf_rc_validation odoo.addons.sports_federation_rosters.tests.test_roster_lifecycle: Starting TestRosterLifecycle.test_activate_without_any_line_raises ... 
2026-09-09 17:27:03,919 33 INFO sf_rc_validation odoo.addons.sports_federation_rosters.tests.test_roster_lifecycle: Starting TestRosterLifecycle.test_close_sets_status_closed ... 
2026-09-09 17:27:03,937 33 INFO sf_rc_validation odoo.addons.sports_federation_rosters.tests.test_roster_lifecycle: Starting TestRosterLifecycle.test_reopen_requires_closed_status ... 
2026-09-09 17:27:03,955 33 INFO sf_rc_validation odoo.addons.sports_federation_rosters.tests.test_roster_lifecycle: Starting TestRosterLifecycle.test_reopen_restores_closed_roster_to_active ... 
2026-09-09 17:27:03,975 33 INFO sf_rc_validation odoo.addons.sports_federation_rosters.tests.test_roster_lifecycle: Starting TestRosterLifecycle.test_reopen_to_draft_from_active ... 
2026-09-09 17:27:03,992 33 INFO sf_rc_validation odoo.addons.sports_federation_rosters.tests.test_roster_lifecycle: Starting TestRosterLifecycle.test_roster_line_locked_when_sheet_submitted ... 
2026-09-09 17:27:04,042 33 INFO sf_rc_validation odoo.addons.sports_federation_rosters.tests.test_roster_lifecycle: Starting TestRosterLifecycle.test_two_captains_raises ... 
2026-09-09 17:27:04,063 33 INFO sf_rc_validation odoo.addons.sports_federation_rosters.tests.test_roster_lifecycle: Starting TestRosterLifecycle.test_two_vice_captains_raises ... 
2026-09-09 17:27:04,156 33 INFO sf_rc_validation odoo.addons.base.models.ir_attachment: filestore gc 0 checked, 0 removed 
2026-09-09 17:27:04,217 33 INFO sf_rc_validation odoo.addons.sports_federation_rosters.tests.test_roster_lifecycle: Starting TestMatchSheetLifecycle.test_approved_sheet_allows_substitution_minutes ... 
2026-09-09 17:27:04,233 33 INFO sf_rc_validation odoo.addons.sports_federation_rosters.tests.test_roster_lifecycle: Starting TestMatchSheetLifecycle.test_approved_sheet_blocks_player_selection_change ... 
2026-09-09 17:27:04,252 33 INFO sf_rc_validation odoo.addons.sports_federation_rosters.tests.test_roster_lifecycle: Starting TestMatchSheetLifecycle.test_cannot_add_line_to_approved_sheet ... 
2026-09-09 17:27:04,272 33 INFO sf_rc_validation odoo.addons.sports_federation_rosters.tests.test_roster_lifecycle: Starting TestMatchSheetLifecycle.test_full_state_cycle ... 
2026-09-09 17:27:04,287 33 INFO sf_rc_validation odoo.addons.sports_federation_rosters.tests.test_roster_lifecycle: Starting TestMatchSheetLifecycle.test_locked_sheet_blocks_write ... 
2026-09-09 17:27:04,302 33 INFO sf_rc_validation odoo.addons.sports_federation_rosters.tests.test_roster_lifecycle: Starting TestMatchSheetLifecycle.test_locked_sheet_line_blocks_write ... 
2026-09-09 17:27:04,335 33 INFO sf_rc_validation odoo.addons.sports_federation_rosters.tests.test_roster_lifecycle: Starting TestMatchSheetLifecycle.test_reset_to_draft_from_submitted ... 
2026-09-09 17:27:04,424 33 INFO sf_rc_validation odoo.addons.base.models.ir_attachment: filestore gc 0 checked, 0 removed 
2026-09-09 17:27:04,481 33 INFO sf_rc_validation odoo.addons.sports_federation_rosters.tests.test_roster_scope_uniqueness: Starting TestRosterScopeUniqueness.test_auto_generated_name_uses_base_pattern ... 
2026-09-09 17:27:04,496 33 INFO sf_rc_validation odoo.addons.sports_federation_rosters.tests.test_roster_scope_uniqueness: Starting TestRosterScopeUniqueness.test_close_active_then_create_new_draft_allowed ... 
2026-09-09 17:27:04,519 33 INFO sf_rc_validation odoo.addons.sports_federation_rosters.tests.test_roster_scope_uniqueness: Starting TestRosterScopeUniqueness.test_different_teams_same_season_allowed ... 
2026-09-09 17:27:04,537 33 INFO sf_rc_validation odoo.addons.sports_federation_rosters.tests.test_roster_scope_uniqueness: Starting TestRosterScopeUniqueness.test_season_scope_and_competition_scope_are_distinct ... 
2026-09-09 17:27:04,554 33 INFO sf_rc_validation odoo.addons.sports_federation_rosters.tests.test_roster_scope_uniqueness: Starting TestRosterScopeUniqueness.test_two_active_rosters_same_scope_blocked ... 
2026-09-09 17:27:04,579 33 INFO sf_rc_validation odoo.addons.sports_federation_rosters.tests.test_roster_scope_uniqueness: Starting TestRosterScopeUniqueness.test_two_draft_rosters_same_scope_allowed ... 
2026-09-09 17:27:04,595 33 INFO sf_rc_validation odoo.addons.sports_federation_rosters.tests.test_roster_scope_uniqueness: Starting TestRosterScopeUniqueness.test_two_rosters_same_scope_may_share_auto_name ... 
2026-09-09 17:27:04,685 33 INFO sf_rc_validation odoo.addons.base.models.ir_attachment: filestore gc 0 checked, 0 removed 
2026-09-09 17:27:04,736 33 INFO sf_rc_validation odoo.addons.sports_federation_rosters.tests.test_rosters: Starting TestRosters.test_closing_first_roster_allows_activating_second ... 
2026-09-09 17:27:04,764 33 INFO sf_rc_validation odoo.addons.sports_federation_rosters.tests.test_rosters: Starting TestRosters.test_create_roster ... 
2026-09-09 17:27:04,778 33 INFO sf_rc_validation odoo.addons.sports_federation_rosters.tests.test_rosters: Starting TestRosters.test_create_roster_generates_name_from_scope ... 
2026-09-09 17:27:04,791 33 INFO sf_rc_validation odoo.addons.sports_federation_rosters.tests.test_rosters: Starting TestRosters.test_different_competitions_allow_separate_active_rosters ... 
2026-09-09 17:27:04,821 33 INFO sf_rc_validation odoo.addons.sports_federation_rosters.tests.test_rosters: Starting TestRosters.test_live_match_sheet_locks_roster_scope_and_used_lines ... 
2026-09-09 17:27:04,875 33 INFO sf_rc_validation odoo.addons.sports_federation_rosters.tests.test_rosters: Starting TestRosters.test_only_one_active_roster_per_team_season_competition ... 
2026-09-09 17:27:04,902 33 INFO sf_rc_validation odoo.addons.sports_federation_rosters.tests.test_rosters: Starting TestRosters.test_only_one_active_roster_per_team_season_no_competition ... 
2026-09-09 17:27:04,928 33 INFO sf_rc_validation odoo.addons.sports_federation_rosters.tests.test_rosters: Starting TestRosters.test_reopen_closed_roster_blocked_when_another_active_exists ... 
2026-09-09 17:27:04,957 33 INFO sf_rc_validation odoo.addons.sports_federation_rosters.tests.test_rosters: Starting TestRosters.test_roster_activation_blocks_lines_with_invalid_season_license ... 
2026-09-09 17:27:04,995 33 INFO sf_rc_validation odoo.addons.sports_federation_rosters.tests.test_rosters: Starting TestRosters.test_roster_audit_events_are_created_for_lifecycle_changes ... 
2026-09-09 17:27:05,015 33 INFO sf_rc_validation odoo.addons.sports_federation_rosters.tests.test_rosters: Starting TestRosters.test_roster_line_date_validation ... 
2026-09-09 17:27:05,030 33 INFO sf_rc_validation odoo.addons.sports_federation_rosters.tests.test_rosters: Starting TestRosters.test_roster_line_rejects_gender_mismatch ... 
2026-09-09 17:27:05,054 33 INFO sf_rc_validation odoo.addons.sports_federation_rosters.tests.test_rosters: Starting TestRosters.test_roster_line_unique_player_constraint ... 
2026-09-09 17:27:05,071 33 ERROR sf_rc_validation odoo.sql_db: bad query: b'INSERT INTO "federation_team_roster_line" ("create_date", "create_uid", "date_from", "is_captain", "is_vice_captain", "player_id", "roster_id", "status", "write_date", "write_uid") VALUES (\'2026-09-09T17:27:04.687311\'::timestamp, 1, \'2024-01-01\'::date, false, false, 182, 223, \'active\', \'2026-09-09T17:27:04.687311\'::timestamp, 1) RETURNING "id"'
ERROR: duplicate key value violates unique constraint "federation_team_roster_line_unique_roster_player_date_from"
DETAIL:  Key (roster_id, player_id, date_from)=(223, 182, 2024-01-01) already exists.
 
2026-09-09 17:27:05,072 33 INFO sf_rc_validation odoo.addons.sports_federation_rosters.tests.test_rosters: Starting TestRosters.test_roster_team_season_registration_consistency ... 
2026-09-09 17:27:05,106 33 INFO sf_rc_validation odoo.addons.sports_federation_rosters.tests.test_rosters: Starting TestRosters.test_single_active_captain_constraint ... 
2026-09-09 17:27:05,125 33 INFO sf_rc_validation odoo.addons.sports_federation_rosters.tests.test_rosters: Starting TestRosters.test_team_roster_button_opens_single_roster_form ... 
2026-09-09 17:27:05,217 33 INFO sf_rc_validation odoo.addons.base.models.ir_attachment: filestore gc 0 checked, 0 removed 
2026-09-09 17:27:05,265 33 INFO sf_rc_validation odoo.addons.sports_federation_rosters.tests.test_season_registration_handoff: Starting TestSeasonRegistrationHandoff.test_action_open_team_rosters_prefills_roster_scope ... 
2026-09-09 17:27:05,360 33 INFO sf_rc_validation odoo.addons.base.models.ir_attachment: filestore gc 0 checked, 0 removed 
2026-09-09 17:27:05,422 33 INFO sf_rc_validation odoo.addons.sports_federation_rosters.tests.test_tour_roster_lifecycle: Starting TestTourRosterLifecycle.test_roster_lifecycle_and_match_sheet_workflow ... 
2026-09-09 17:27:05,559 33 INFO sf_rc_validation odoo.addons.base.models.ir_attachment: filestore gc 0 checked, 0 removed 
2026-09-09 17:27:05,559 33 INFO sf_rc_validation odoo.modules.loading: Module sports_federation_rosters loaded in 2.52s (incl. 2.23s test), 339 queries (+2355 test, +339 other) 
2026-09-09 17:27:05,559 33 INFO sf_rc_validation odoo.modules.loading: Loading module sports_federation_standings (48/67) 
2026-09-09 17:27:05,571 33 INFO sf_rc_validation odoo.registry: module sports_federation_standings: creating or updating database tables 
2026-09-09 17:27:05,624 33 INFO sf_rc_validation odoo.modules.loading: loading sports_federation_standings/security/ir.model.access.csv 
2026-09-09 17:27:05,634 33 INFO sf_rc_validation odoo.modules.loading: loading sports_federation_standings/data/standing_recompute_cron.xml 
2026-09-09 17:27:05,655 33 INFO sf_rc_validation odoo.modules.loading: loading sports_federation_standings/views/standing_views.xml 
2026-09-09 17:27:05,711 33 INFO sf_rc_validation odoo.modules.loading: loading sports_federation_standings/views/tournament_views_inherit.xml 
2026-09-09 17:27:05,727 33 INFO sf_rc_validation odoo.modules.loading: loading sports_federation_standings/views/menu_views.xml 
2026-09-09 17:27:05,827 33 INFO sf_rc_validation odoo.addons.sports_federation_standings.tests.test_standing_recompute_queue: Starting TestStandingRecomputeQueue.test_exhausted_job_moves_to_dead_letter_and_can_be_retried ... 
2026-09-09 17:27:05,850 33 ERROR sf_rc_validation odoo.addons.sports_federation_standings.models.standing_recompute_job: Standing recompute job failed: job=6 standing=44 correlation_id=dead-letter-1 
Traceback (most recent call last):
  File "/mnt/extra-addons/sports_federation_standings/models/standing_recompute_job.py", line 157, in _process_single_job
    ).action_recompute()
      ^^^^^^^^^^^^^^^^^^
  File "/usr/lib/python3.12/unittest/mock.py", line 1134, in __call__
    return self._mock_call(*args, **kwargs)
           ^^^^^^^^^^^^^^^^^^^^^^^^^^^^^^^^
  File "/usr/lib/python3.12/unittest/mock.py", line 1138, in _mock_call
    return self._execute_mock_call(*args, **kwargs)
           ^^^^^^^^^^^^^^^^^^^^^^^^^^^^^^^^^^^^^^^^
  File "/usr/lib/python3.12/unittest/mock.py", line 1193, in _execute_mock_call
    raise effect
RuntimeError: boom
2026-09-09 17:27:05,863 33 INFO sf_rc_validation odoo.addons.sports_federation_standings.tests.test_standing_recompute_queue: Starting TestStandingRecomputeQueue.test_queue_cron_recomputes_standing ... 
2026-09-09 17:27:05,908 33 INFO sf_rc_validation odoo.addons.sports_federation_standings.models.standing_recompute_job: Standing recompute job completed: job=7 standing=45 correlation_id=corr-q-2 
2026-09-09 17:27:05,911 33 INFO sf_rc_validation odoo.addons.sports_federation_standings.tests.test_standing_recompute_queue: Starting TestStandingRecomputeQueue.test_queue_failure_is_visible_and_retriable ... 
2026-09-09 17:27:05,924 33 ERROR sf_rc_validation odoo.addons.sports_federation_standings.models.standing_recompute_job: Standing recompute job failed: job=8 standing=46 correlation_id=corr-q-3 
Traceback (most recent call last):
  File "/mnt/extra-addons/sports_federation_standings/models/standing_recompute_job.py", line 157, in _process_single_job
    ).action_recompute()
      ^^^^^^^^^^^^^^^^^^
  File "/mnt/extra-addons/sports_federation_standings/tests/test_standing_recompute_queue.py", line 151, in _broken_action_recompute
    raise RuntimeError("boom")
RuntimeError: boom
2026-09-09 17:27:05,937 33 INFO sf_rc_validation odoo.addons.sports_federation_standings.models.standing_recompute_job: Standing recompute job completed: job=8 standing=46 correlation_id=corr-q-3 
2026-09-09 17:27:05,938 33 INFO sf_rc_validation odoo.addons.sports_federation_standings.tests.test_standing_recompute_queue: Starting TestStandingRecomputeQueue.test_queue_request_replays_for_same_idempotency_key ... 
2026-09-09 17:27:05,950 33 INFO sf_rc_validation odoo.addons.sports_federation_standings.tests.test_standing_recompute_queue: Starting TestStandingRecomputeQueue.test_stale_running_job_is_recovered ... 
2026-09-09 17:27:06,038 33 INFO sf_rc_validation odoo.addons.base.models.ir_attachment: filestore gc 0 checked, 0 removed 
2026-09-09 17:27:06,127 33 INFO sf_rc_validation odoo.addons.sports_federation_standings.tests.test_standings: Starting TestStandings.test_frozen_standing_blocks_recompute ... 
2026-09-09 17:27:06,157 33 INFO sf_rc_validation odoo.models.unlink: User #1 deleted federation.standing.line records with IDs: [69, 70, 71] 
2026-09-09 17:27:06,161 33 INFO sf_rc_validation odoo.addons.sports_federation_standings.tests.test_standings: Starting TestStandings.test_group_stage_consistency_constraint ... 
2026-09-09 17:27:06,190 33 INFO sf_rc_validation odoo.addons.sports_federation_standings.tests.test_standings: Starting TestStandings.test_recompute_three_team_standing ... 
2026-09-09 17:27:06,258 33 INFO sf_rc_validation odoo.addons.sports_federation_standings.tests.test_standings: Starting TestStandings.test_recompute_two_team_standing ... 
2026-09-09 17:27:06,297 33 INFO sf_rc_validation odoo.addons.sports_federation_standings.tests.test_standings: Starting TestStandings.test_score_diff_computation ... 
2026-09-09 17:27:06,335 33 INFO sf_rc_validation odoo.addons.sports_federation_standings.tests.test_standings: Starting TestStandings.test_standing_model_order ... 
2026-09-09 17:27:06,335 33 INFO sf_rc_validation odoo.addons.sports_federation_standings.tests.test_standings: Starting TestStandings.test_unique_participant_per_standing ... 
2026-09-09 17:27:06,348 33 ERROR sf_rc_validation odoo.sql_db: bad query: b'INSERT INTO "federation_standing_line" ("create_date", "create_uid", "drawn", "eliminated", "lost", "participant_id", "played", "points", "qualified", "score_against", "score_for", "standing_id", "won", "write_date", "write_uid") VALUES (\'2026-09-09T17:27:06.040098\'::timestamp, 1, 0, false, 0, 131, 0, 0, false, 0, 0, 55, 0, \'2026-09-09T17:27:06.040098\'::timestamp, 1) RETURNING "id"'
ERROR: duplicate key value violates unique constraint "federation_standing_line_unique_standing_participant"
DETAIL:  Key (standing_id, participant_id)=(55, 131) already exists.
 
2026-09-09 17:27:06,425 33 INFO sf_rc_validation odoo.addons.base.models.ir_attachment: filestore gc 0 checked, 0 removed 
2026-09-09 17:27:08,687 33 INFO sf_rc_validation odoo.addons.sports_federation_standings.tests.test_standings_performance: Starting TestStandingsPerformance.test_build_standing_table_correct_totals ... 
2026-09-09 17:27:08,783 33 INFO sf_rc_validation odoo.addons.sports_federation_standings.tests.test_standings_performance: Starting TestStandingsPerformance.test_build_standing_table_query_count ... 
2026-09-09 17:27:08,882 33 INFO sf_rc_validation odoo.addons.sports_federation_standings.tests.test_standings_performance: Query count less than expected for user __system__: 7 < 10 in test_build_standing_table_query_count at /mnt/extra-addons/sports_federation_standings/tests/test_standings_performance.py:104 
2026-09-09 17:27:08,961 33 INFO sf_rc_validation odoo.addons.base.models.ir_attachment: filestore gc 0 checked, 0 removed 
2026-09-09 17:27:09,046 33 INFO sf_rc_validation odoo.addons.sports_federation_standings.tests.test_standings_result_filter: Starting TestStandingsResultFilter.test_approved_match_counted_in_standings ... 
2026-09-09 17:27:09,073 33 INFO sf_rc_validation odoo.addons.sports_federation_standings.tests.test_standings_result_filter: Starting TestStandingsResultFilter.test_cancelled_match_not_counted ... 
2026-09-09 17:27:09,100 33 INFO sf_rc_validation odoo.addons.sports_federation_standings.tests.test_standings_result_filter: Starting TestStandingsResultFilter.test_contested_match_excluded_when_result_control_installed ... 
2026-09-09 17:27:09,126 33 INFO sf_rc_validation odoo.addons.sports_federation_standings.tests.test_standings_result_filter: Starting TestStandingsResultFilter.test_draft_match_not_counted ... 
2026-09-09 17:27:09,152 33 INFO sf_rc_validation odoo.addons.sports_federation_standings.tests.test_standings_result_filter: Starting TestStandingsResultFilter.test_mixed_matches_only_approved_counted ... 
2026-09-09 17:27:09,227 33 INFO sf_rc_validation odoo.addons.sports_federation_standings.tests.test_standings_result_filter: Starting TestStandingsResultFilter.test_recompute_with_only_official_results ... 
2026-09-09 17:27:09,391 33 INFO sf_rc_validation odoo.addons.base.models.ir_attachment: filestore gc 0 checked, 0 removed 
2026-09-09 17:27:09,433 33 INFO sf_rc_validation odoo.addons.sports_federation_standings.tests.test_tiebreak_notes: Starting TestTiebreakNotes.test_no_tiebreak_when_separated_by_points ... 
2026-09-09 17:27:09,517 33 INFO sf_rc_validation odoo.addons.sports_federation_standings.tests.test_tiebreak_notes: Starting TestTiebreakNotes.test_rank1_has_no_tiebreak_note ... 
2026-09-09 17:27:09,591 33 INFO sf_rc_validation odoo.addons.sports_federation_standings.tests.test_tiebreak_notes: Starting TestTiebreakNotes.test_tiebreak_alphabetical ... 
2026-09-09 17:27:09,640 33 INFO sf_rc_validation odoo.addons.sports_federation_standings.tests.test_tiebreak_notes: Starting TestTiebreakNotes.test_tiebreak_by_goal_difference ... 
2026-09-09 17:27:09,690 33 INFO sf_rc_validation odoo.addons.sports_federation_standings.tests.test_tiebreak_notes: Starting TestTiebreakNotes.test_tiebreak_by_goals_scored ... 
2026-09-09 17:27:09,737 33 INFO sf_rc_validation odoo.addons.sports_federation_standings.tests.test_tiebreak_notes: Starting TestTiebreakNotes.test_tiebreak_by_wins ... 
2026-09-09 17:27:09,797 33 INFO sf_rc_validation odoo.addons.sports_federation_standings.tests.test_tiebreak_notes: Starting TestTiebreakNotes.test_tiebreak_stored_on_line_after_recompute ... 
2026-09-09 17:27:09,952 33 INFO sf_rc_validation odoo.addons.base.models.ir_attachment: filestore gc 0 checked, 0 removed 
2026-09-09 17:27:10,042 33 INFO sf_rc_validation odoo.addons.sports_federation_standings.tests.test_tour_standings: Starting TestTourStandings.test_contested_match_excluded_when_flag_present ... 
2026-09-09 17:27:10,094 33 INFO sf_rc_validation odoo.addons.sports_federation_standings.tests.test_tour_standings: Starting TestTourStandings.test_force_recompute_works_on_frozen ... 
2026-09-09 17:27:10,158 33 INFO sf_rc_validation odoo.models.unlink: User #1 deleted federation.standing.line records with IDs: [97, 98, 99] 
2026-09-09 17:27:10,163 33 INFO sf_rc_validation odoo.addons.sports_federation_standings.tests.test_tour_standings: Starting TestTourStandings.test_freeze_blocks_recompute ... 
2026-09-09 17:27:10,184 33 INFO sf_rc_validation odoo.addons.sports_federation_standings.tests.test_tour_standings: Starting TestTourStandings.test_lines_sorted_by_points_then_wins ... 
2026-09-09 17:27:10,245 33 INFO sf_rc_validation odoo.addons.sports_federation_standings.tests.test_tour_standings: Starting TestTourStandings.test_recompute_correct_points ... 
2026-09-09 17:27:10,306 33 INFO sf_rc_validation odoo.addons.sports_federation_standings.tests.test_tour_standings: Starting TestTourStandings.test_recompute_with_no_matches ... 
2026-09-09 17:27:10,325 33 INFO sf_rc_validation odoo.addons.sports_federation_standings.tests.test_tour_standings: Starting TestTourStandings.test_standing_starts_draft ... 
2026-09-09 17:27:10,335 33 INFO sf_rc_validation odoo.addons.sports_federation_standings.tests.test_tour_standings: Starting TestTourStandings.test_tiebreak_notes_populated_for_tied_teams ... 
2026-09-09 17:27:10,479 33 INFO sf_rc_validation odoo.addons.sports_federation_standings.tests.test_tour_standings: Starting TestTourStandings.test_unfreeze_allows_recompute ... 
2026-09-09 17:27:10,503 33 INFO sf_rc_validation odoo.models.unlink: User #1 deleted federation.standing.line records with IDs: [118, 119, 120] 
2026-09-09 17:27:10,581 33 INFO sf_rc_validation odoo.addons.base.models.ir_attachment: filestore gc 0 checked, 0 removed 
2026-09-09 17:27:10,582 33 INFO sf_rc_validation odoo.modules.loading: Module sports_federation_standings loaded in 5.02s (incl. 4.82s test), 247 queries (+4952 test, +247 other) 
2026-09-09 17:27:10,582 33 INFO sf_rc_validation odoo.modules.loading: Loading module sports_federation_venues (49/67) 
2026-09-09 17:27:10,595 33 INFO sf_rc_validation odoo.registry: module sports_federation_venues: creating or updating database tables 
2026-09-09 17:27:10,653 33 INFO sf_rc_validation odoo.modules.loading: loading sports_federation_venues/security/ir.model.access.csv 
2026-09-09 17:27:10,664 33 INFO sf_rc_validation odoo.modules.loading: loading sports_federation_venues/views/venue_views.xml 
2026-09-09 17:27:10,746 33 INFO sf_rc_validation odoo.modules.loading: loading sports_federation_venues/views/round_views_inherit.xml 
2026-09-09 17:27:10,769 33 INFO sf_rc_validation odoo.modules.loading: loading sports_federation_venues/views/tournament_views_inherit.xml 
2026-09-09 17:27:10,798 33 INFO sf_rc_validation odoo.modules.loading: loading sports_federation_venues/views/match_views_inherit.xml 
2026-09-09 17:27:10,845 33 INFO sf_rc_validation odoo.modules.loading: loading sports_federation_venues/views/menu_views.xml 
2026-09-09 17:27:10,917 33 INFO sf_rc_validation odoo.addons.sports_federation_venues.tests.test_round_schedule: Starting TestRoundSchedule.test_match_datetime_write_is_normalized_to_round_date ... 
2026-09-09 17:27:10,947 33 INFO sf_rc_validation odoo.addons.sports_federation_venues.tests.test_round_schedule: Starting TestRoundSchedule.test_match_round_assignment_inherits_scope_and_venue ... 
2026-09-09 17:27:10,977 33 INFO sf_rc_validation odoo.addons.sports_federation_venues.tests.test_round_schedule: Starting TestRoundSchedule.test_match_round_rejects_conflicting_venue ... 
2026-09-09 17:27:10,989 33 INFO sf_rc_validation odoo.addons.sports_federation_venues.tests.test_round_schedule: Starting TestRoundSchedule.test_match_scheduled_time_write_uses_round_date_even_at_midnight ... 
2026-09-09 17:27:11,098 33 INFO sf_rc_validation odoo.addons.base.models.ir_attachment: filestore gc 0 checked, 0 removed 
2026-09-09 17:27:11,138 33 INFO sf_rc_validation odoo.addons.sports_federation_venues.tests.test_venues: Starting TestVenues.test_create_playing_area ... 
2026-09-09 17:27:11,140 33 INFO sf_rc_validation odoo.addons.sports_federation_venues.tests.test_venues: Starting TestVenues.test_create_venue ... 
2026-09-09 17:27:11,142 33 INFO sf_rc_validation odoo.addons.sports_federation_venues.tests.test_venues: Starting TestVenues.test_match_playing_area_belongs_to_venue ... 
2026-09-09 17:27:11,149 33 INFO sf_rc_validation odoo.addons.sports_federation_venues.tests.test_venues: Starting TestVenues.test_tournament_venue_link ... 
2026-09-09 17:27:11,151 33 INFO sf_rc_validation odoo.addons.sports_federation_venues.tests.test_venues: Starting TestVenues.test_unique_playing_area_name_per_venue ... 
2026-09-09 17:27:11,154 33 ERROR sf_rc_validation odoo.sql_db: bad query: b'INSERT INTO "federation_playing_area" ("active", "create_date", "create_uid", "name", "surface_type", "venue_id", "write_date", "write_uid") VALUES (true, \'2026-09-09T17:27:11.099877\'::timestamp, 1, \'Main Field\', \'indoor\', 29, \'2026-09-09T17:27:11.099877\'::timestamp, 1) RETURNING "id"'
ERROR: duplicate key value violates unique constraint "federation_playing_area_unique_venue_name"
DETAIL:  Key (venue_id, name)=(29, Main Field) already exists.
 
2026-09-09 17:27:11,231 33 INFO sf_rc_validation odoo.addons.base.models.ir_attachment: filestore gc 0 checked, 0 removed 
2026-09-09 17:27:11,232 33 INFO sf_rc_validation odoo.modules.loading: Module sports_federation_venues loaded in 0.65s (incl. 0.36s test), 394 queries (+265 test, +394 other) 
2026-09-09 17:27:11,260 33 INFO sf_rc_validation odoo.modules.loading: Loading module sports_federation_registration (51/67) 
2026-09-09 17:27:11,424 33 INFO sf_rc_validation odoo.registry: module sports_federation_registration: creating or updating database tables 
2026-09-09 17:27:11,482 33 INFO sf_rc_validation odoo.modules.loading: loading sports_federation_registration/security/security.xml 
2026-09-09 17:27:11,487 33 INFO sf_rc_validation odoo.modules.loading: loading sports_federation_registration/security/ir.model.access.csv 
2026-09-09 17:27:11,498 33 INFO sf_rc_validation odoo.modules.loading: loading sports_federation_registration/wizards/create_competition_wizard_views.xml 
2026-09-09 17:27:11,520 33 INFO sf_rc_validation odoo.modules.loading: loading sports_federation_registration/views/registration_views.xml 
2026-09-09 17:27:11,539 33 INFO sf_rc_validation odoo.modules.loading: loading sports_federation_registration/views/menu.xml 
2026-09-09 17:27:11,612 33 INFO sf_rc_validation odoo.addons.sports_federation_registration.tests.test_registration_team_selection: Starting TestRegistrationTeamSelection.test_available_teams_exclude_registered_and_mismatched_teams ... 
2026-09-09 17:27:11,635 33 INFO sf_rc_validation odoo.addons.sports_federation_registration.tests.test_registration_team_selection: Starting TestRegistrationTeamSelection.test_invalid_gender_and_category_are_rejected_server_side ... 
2026-09-09 17:27:11,657 33 INFO sf_rc_validation odoo.addons.sports_federation_registration.tests.test_registration_team_selection: Starting TestRegistrationTeamSelection.test_onchange_returns_available_team_domain ... 
2026-09-09 17:27:11,771 33 INFO sf_rc_validation odoo.addons.base.models.ir_attachment: filestore gc 0 checked, 0 removed 
2026-09-09 17:27:11,771 33 INFO sf_rc_validation odoo.modules.loading: Module sports_federation_registration loaded in 0.51s (incl. 0.20s test), 186 queries (+137 test, +186 other) 
2026-09-09 17:27:11,774 33 INFO sf_rc_validation odoo.modules.loading: Loading module sports_federation_format (54/67) 
2026-09-09 17:27:11,797 33 INFO sf_rc_validation odoo.registry: module sports_federation_format: creating or updating database tables 
2026-09-09 17:27:11,881 33 INFO sf_rc_validation odoo.modules.loading: loading sports_federation_format/security/security.xml 
2026-09-09 17:27:11,887 33 INFO sf_rc_validation odoo.modules.loading: loading sports_federation_format/security/ir.model.access.csv 
2026-09-09 17:27:11,900 33 INFO sf_rc_validation odoo.modules.loading: loading sports_federation_format/views/format_views.xml 
2026-09-09 17:27:11,930 33 INFO sf_rc_validation odoo.modules.loading: loading sports_federation_format/views/format_template_views.xml 
2026-09-09 17:27:11,946 33 INFO sf_rc_validation odoo.modules.loading: loading sports_federation_format/views/stage_graph_views.xml 
2026-09-09 17:27:11,971 33 INFO sf_rc_validation odoo.modules.loading: loading sports_federation_format/views/menu.xml 
2026-09-09 17:27:12,005 33 INFO sf_rc_validation odoo.addons.sports_federation_format.tests.test_advanced_competition_engine: Starting TestAdvancedCompetitionEngine.test_double_elimination_rejects_non_power_of_two ... 
2026-09-09 17:27:12,008 33 INFO sf_rc_validation odoo.addons.sports_federation_format.tests.test_advanced_competition_engine: Starting TestAdvancedCompetitionEngine.test_double_elimination_route_counts ... 
2026-09-09 17:27:12,008 33 INFO sf_rc_validation odoo.addons.sports_federation_format.tests.test_advanced_competition_engine: Starting TestAdvancedCompetitionEngine.test_feasibility_covers_dynamic_formats ... 
2026-09-09 17:27:12,012 33 INFO sf_rc_validation odoo.addons.sports_federation_format.tests.test_advanced_competition_engine: Starting TestAdvancedCompetitionEngine.test_ladder_challenge_distance ... 
2026-09-09 17:27:12,015 33 INFO sf_rc_validation odoo.addons.sports_federation_format.tests.test_advanced_competition_engine: Starting TestAdvancedCompetitionEngine.test_swiss_pairing_avoids_previous_opponents ... 
2026-09-09 17:27:12,108 33 INFO sf_rc_validation odoo.addons.base.models.ir_attachment: filestore gc 0 checked, 0 removed 
2026-09-09 17:27:12,108 33 INFO sf_rc_validation odoo.addons.sports_federation_format.tests.test_format_feasibility: Starting TestFormatFeasibility.test_common_formats_have_deterministic_counts ... 
2026-09-09 17:27:12,115 33 INFO sf_rc_validation odoo.addons.sports_federation_format.tests.test_format_feasibility: Starting TestFormatFeasibility.test_impossible_formats_explain_failure ... 
2026-09-09 17:27:12,118 33 INFO sf_rc_validation odoo.addons.sports_federation_format.tests.test_format_feasibility: Starting TestFormatFeasibility.test_pool_knockout_handles_uneven_pool_sizes ... 
2026-09-09 17:27:12,217 33 INFO sf_rc_validation odoo.addons.base.models.ir_attachment: filestore gc 0 checked, 0 removed 
2026-09-09 17:27:12,217 33 INFO sf_rc_validation odoo.modules.loading: Module sports_federation_format loaded in 0.44s (incl. 0.21s test), 274 queries (+56 test, +274 other) 
2026-09-09 17:27:12,217 33 INFO sf_rc_validation odoo.modules.loading: Loading module sports_federation_calendar (55/67) 
2026-09-09 17:27:12,231 33 INFO sf_rc_validation odoo.registry: module sports_federation_calendar: creating or updating database tables 
2026-09-09 17:27:12,279 33 INFO sf_rc_validation odoo.modules.loading: loading sports_federation_calendar/security/security.xml 
2026-09-09 17:27:12,285 33 INFO sf_rc_validation odoo.modules.loading: loading sports_federation_calendar/security/ir.model.access.csv 
2026-09-09 17:27:12,293 33 INFO sf_rc_validation odoo.modules.loading: loading sports_federation_calendar/views/calendar_views.xml 
2026-09-09 17:27:12,331 33 INFO sf_rc_validation odoo.modules.loading: loading sports_federation_calendar/views/slot_defaults_views.xml 
2026-09-09 17:27:12,344 33 INFO sf_rc_validation odoo.modules.loading: loading sports_federation_calendar/wizards/slot_generation_wizard_views.xml 
2026-09-09 17:27:12,355 33 INFO sf_rc_validation odoo.modules.loading: loading sports_federation_calendar/views/menu.xml 
2026-09-09 17:27:12,375 33 INFO sf_rc_validation odoo.modules.loading: Module sports_federation_calendar loaded in 0.16s, 173 queries (+173 other) 
2026-09-09 17:27:12,375 33 INFO sf_rc_validation odoo.modules.loading: Loading module sports_federation_scheduling (56/67) 
2026-09-09 17:27:12,393 33 INFO sf_rc_validation odoo.registry: module sports_federation_scheduling: creating or updating database tables 
2026-09-09 17:27:12,455 33 INFO sf_rc_validation odoo.modules.loading: loading sports_federation_scheduling/security/security.xml 
2026-09-09 17:27:12,459 33 INFO sf_rc_validation odoo.modules.loading: loading sports_federation_scheduling/security/ir.model.access.csv 
2026-09-09 17:27:12,471 33 INFO sf_rc_validation odoo.modules.loading: loading sports_federation_scheduling/views/scheduling_views.xml 
2026-09-09 17:27:12,501 33 INFO sf_rc_validation odoo.modules.loading: loading sports_federation_scheduling/views/submit_schedule_wizard_views.xml 
2026-09-09 17:27:12,510 33 INFO sf_rc_validation odoo.modules.loading: loading sports_federation_scheduling/views/amend_schedule_wizard_views.xml 
2026-09-09 17:27:12,519 33 INFO sf_rc_validation odoo.modules.loading: loading sports_federation_scheduling/views/fairness_views.xml 
2026-09-09 17:27:12,540 33 INFO sf_rc_validation odoo.modules.loading: loading sports_federation_scheduling/views/menu.xml 
2026-09-09 17:27:12,561 33 INFO sf_rc_validation odoo.modules.loading: Module sports_federation_scheduling loaded in 0.19s, 222 queries (+222 other) 
2026-09-09 17:27:12,561 33 INFO sf_rc_validation odoo.modules.loading: Loading module sports_federation_schedule_approval (57/67) 
2026-09-09 17:27:12,579 33 INFO sf_rc_validation odoo.registry: module sports_federation_schedule_approval: creating or updating database tables 
2026-09-09 17:27:12,647 33 INFO sf_rc_validation odoo.modules.loading: loading sports_federation_schedule_approval/security/security.xml 
2026-09-09 17:27:12,651 33 INFO sf_rc_validation odoo.modules.loading: loading sports_federation_schedule_approval/security/ir.model.access.csv 
2026-09-09 17:27:12,664 33 INFO sf_rc_validation odoo.modules.loading: loading sports_federation_schedule_approval/views/approval_views.xml 
2026-09-09 17:27:12,736 33 INFO sf_rc_validation odoo.modules.loading: loading sports_federation_schedule_approval/wizards/publish_schedule_wizard_views.xml 
2026-09-09 17:27:12,745 33 INFO sf_rc_validation odoo.modules.loading: loading sports_federation_schedule_approval/views/menu.xml 
2026-09-09 17:27:12,780 33 INFO sf_rc_validation odoo.addons.sports_federation_schedule_approval.tests.test_schedule_handoff: Starting TestPhase51ScheduleHandoff.test_handoff_views_bind_buttons_to_model_actions ... 
2026-09-09 17:27:12,784 33 INFO sf_rc_validation odoo.addons.sports_federation_schedule_approval.tests.test_schedule_handoff: Starting TestPhase51ScheduleHandoff.test_operator_actions_are_exposed_on_owning_models ... 
2026-09-09 17:27:12,784 33 INFO sf_rc_validation odoo.addons.sports_federation_schedule_approval.tests.test_schedule_handoff: Starting TestPhase51ScheduleHandoff.test_review_and_publication_cannot_be_deleted ... 
2026-09-09 17:27:12,882 33 INFO sf_rc_validation odoo.addons.base.models.ir_attachment: filestore gc 0 checked, 0 removed 
2026-09-09 17:27:12,882 33 INFO sf_rc_validation odoo.modules.loading: Module sports_federation_schedule_approval loaded in 0.32s (incl. 0.10s test), 258 queries (+23 test, +258 other) 
2026-09-09 17:27:12,882 33 INFO sf_rc_validation odoo.modules.loading: Loading module sports_federation_matchday (58/67) 
2026-09-09 17:27:12,902 33 INFO sf_rc_validation odoo.registry: module sports_federation_matchday: creating or updating database tables 
2026-09-09 17:27:12,988 33 INFO sf_rc_validation odoo.modules.loading: loading sports_federation_matchday/security/security.xml 
2026-09-09 17:27:12,994 33 INFO sf_rc_validation odoo.modules.loading: loading sports_federation_matchday/security/ir.model.access.csv 
2026-09-09 17:27:13,013 33 INFO sf_rc_validation odoo.modules.loading: loading sports_federation_matchday/views/matchday_views.xml 
2026-09-09 17:27:13,077 33 INFO sf_rc_validation odoo.modules.loading: loading sports_federation_matchday/wizards/matchday_operation_wizard_views.xml 
2026-09-09 17:27:13,109 33 INFO sf_rc_validation odoo.modules.loading: loading sports_federation_matchday/wizards/matchday_restart_wizard_views.xml 
2026-09-09 17:27:13,118 33 INFO sf_rc_validation odoo.modules.loading: loading sports_federation_matchday/wizards/matchday_delete_wizard_views.xml 
2026-09-09 17:27:13,127 33 INFO sf_rc_validation odoo.modules.loading: loading sports_federation_matchday/views/menu.xml 
2026-09-09 17:27:13,155 33 INFO sf_rc_validation odoo.modules.loading: Module sports_federation_matchday loaded in 0.27s, 338 queries (+338 other) 
2026-09-09 17:27:13,155 33 INFO sf_rc_validation odoo.modules.loading: Loading module sports_federation_officiating (59/67) 
2026-09-09 17:27:13,176 33 INFO sf_rc_validation odoo.registry: module sports_federation_officiating: creating or updating database tables 
2026-09-09 17:27:13,249 33 INFO sf_rc_validation odoo.modules.loading: loading sports_federation_officiating/security/ir.model.access.csv 
2026-09-09 17:27:13,266 33 INFO sf_rc_validation odoo.modules.loading: loading sports_federation_officiating/views/federation_referee_views.xml 
2026-09-09 17:27:13,299 33 INFO sf_rc_validation odoo.modules.loading: loading sports_federation_officiating/views/federation_referee_availability_views.xml 
2026-09-09 17:27:13,321 33 INFO sf_rc_validation odoo.modules.loading: loading sports_federation_officiating/views/federation_referee_certification_views.xml 
2026-09-09 17:27:13,343 33 INFO sf_rc_validation odoo.modules.loading: loading sports_federation_officiating/views/federation_match_referee_views.xml 
2026-09-09 17:27:13,369 33 INFO sf_rc_validation odoo.modules.loading: loading sports_federation_officiating/views/federation_match_club_referee_duty_views.xml 
2026-09-09 17:27:13,394 33 INFO sf_rc_validation odoo.modules.loading: loading sports_federation_officiating/views/federation_matchday_assign_wizard_views.xml 
2026-09-09 17:27:13,405 33 INFO sf_rc_validation odoo.modules.loading: loading sports_federation_officiating/views/federation_match_views_inherit.xml 
2026-09-09 17:27:13,446 33 INFO sf_rc_validation odoo.modules.loading: loading sports_federation_officiating/views/federation_reimbursement_request_views.xml 
2026-09-09 17:27:13,477 33 INFO sf_rc_validation odoo.modules.loading: loading sports_federation_officiating/views/menu_items.xml 
2026-09-09 17:27:13,612 33 INFO sf_rc_validation odoo.addons.sports_federation_officiating.tests.test_club_referee_duty: Starting TestClubRefereeDutyLifecycle.test_action_confirm_creates_assignment ... 
2026-09-09 17:27:13,637 33 INFO sf_rc_validation odoo.addons.sports_federation_officiating.tests.test_club_referee_duty: Starting TestClubRefereeDutyLifecycle.test_action_confirm_raises_if_not_nominated ... 
2026-09-09 17:27:13,651 33 INFO sf_rc_validation odoo.addons.sports_federation_officiating.tests.test_club_referee_duty: Starting TestClubRefereeDutyLifecycle.test_action_nominate_raises_for_wrong_club_player ... 
2026-09-09 17:27:13,665 33 INFO sf_rc_validation odoo.addons.sports_federation_officiating.tests.test_club_referee_duty: Starting TestClubRefereeDutyLifecycle.test_action_nominate_raises_if_not_open_or_rejected ... 
2026-09-09 17:27:13,678 33 INFO sf_rc_validation odoo.addons.sports_federation_officiating.tests.test_club_referee_duty: Starting TestClubRefereeDutyLifecycle.test_action_nominate_sets_player ... 
2026-09-09 17:27:13,688 33 INFO sf_rc_validation odoo.addons.sports_federation_officiating.tests.test_club_referee_duty: Starting TestClubRefereeDutyLifecycle.test_action_open_moves_to_open ... 
2026-09-09 17:27:13,699 33 INFO sf_rc_validation odoo.addons.sports_federation_officiating.tests.test_club_referee_duty: Starting TestClubRefereeDutyLifecycle.test_action_open_raises_if_not_draft ... 
2026-09-09 17:27:13,712 33 INFO sf_rc_validation odoo.addons.sports_federation_officiating.tests.test_club_referee_duty: Starting TestClubRefereeDutyLifecycle.test_create_duty_defaults_to_draft ... 
2026-09-09 17:27:13,722 33 INFO sf_rc_validation odoo.addons.sports_federation_officiating.tests.test_club_referee_duty: Starting TestClubRefereeDutyLifecycle.test_full_lifecycle_draft_to_confirmed ... 
2026-09-09 17:27:13,854 33 INFO sf_rc_validation odoo.addons.base.models.ir_attachment: filestore gc 0 checked, 0 removed 
2026-09-09 17:27:13,956 33 INFO sf_rc_validation odoo.addons.sports_federation_officiating.tests.test_club_referee_duty: Starting TestClubRefereeDutyRejectionPath.test_action_reject_moves_to_rejected ... 
2026-09-09 17:27:13,969 33 INFO sf_rc_validation odoo.addons.sports_federation_officiating.tests.test_club_referee_duty: Starting TestClubRefereeDutyRejectionPath.test_action_reject_raises_if_not_nominated ... 
2026-09-09 17:27:13,982 33 INFO sf_rc_validation odoo.addons.sports_federation_officiating.tests.test_club_referee_duty: Starting TestClubRefereeDutyRejectionPath.test_full_rejection_cycle_to_confirmed ... 
2026-09-09 17:27:14,007 33 INFO sf_rc_validation odoo.addons.sports_federation_officiating.tests.test_club_referee_duty: Starting TestClubRefereeDutyRejectionPath.test_renominate_after_rejection ... 
2026-09-09 17:27:14,124 33 INFO sf_rc_validation odoo.addons.base.models.ir_attachment: filestore gc 0 checked, 0 removed 
2026-09-09 17:27:14,225 33 INFO sf_rc_validation odoo.addons.sports_federation_officiating.tests.test_club_referee_duty: Starting TestClubRefereeDutyCancelEscapeHatch.test_cancel_from_nominated ... 
2026-09-09 17:27:14,238 33 INFO sf_rc_validation odoo.addons.sports_federation_officiating.tests.test_club_referee_duty: Starting TestClubRefereeDutyCancelEscapeHatch.test_cancel_from_open ... 
2026-09-09 17:27:14,248 33 INFO sf_rc_validation odoo.addons.sports_federation_officiating.tests.test_club_referee_duty: Starting TestClubRefereeDutyCancelEscapeHatch.test_cancel_raises_on_confirmed ... 
2026-09-09 17:27:14,382 33 INFO sf_rc_validation odoo.addons.base.models.ir_attachment: filestore gc 0 checked, 0 removed 
2026-09-09 17:27:14,485 33 INFO sf_rc_validation odoo.addons.sports_federation_officiating.tests.test_club_referee_duty: Starting TestClubRefereeDutyDeadline.test_is_deadline_overdue_false_for_future_match ... 
2026-09-09 17:27:14,497 33 INFO sf_rc_validation odoo.addons.sports_federation_officiating.tests.test_club_referee_duty: Starting TestClubRefereeDutyDeadline.test_is_deadline_overdue_false_when_confirmed ... 
2026-09-09 17:27:14,543 33 INFO sf_rc_validation odoo.addons.sports_federation_officiating.tests.test_club_referee_duty: Starting TestClubRefereeDutyDeadline.test_is_deadline_overdue_true_for_past_match ... 
2026-09-09 17:27:14,573 33 INFO sf_rc_validation odoo.addons.sports_federation_officiating.tests.test_club_referee_duty: Starting TestClubRefereeDutyDeadline.test_nomination_deadline_is_72h_before_match ... 
2026-09-09 17:27:14,691 33 INFO sf_rc_validation odoo.addons.base.models.ir_attachment: filestore gc 0 checked, 0 removed 
2026-09-09 17:27:14,791 33 INFO sf_rc_validation odoo.addons.sports_federation_officiating.tests.test_club_referee_duty: Starting TestClubRefereeDutyUniqueness.test_duplicate_duty_blocked ... 
2026-09-09 17:27:14,807 33 ERROR sf_rc_validation odoo.sql_db: bad query: b'INSERT INTO "federation_match_club_referee_duty" ("club_id", "create_date", "create_uid", "match_id", "role", "state", "write_date", "write_uid") VALUES (319, \'2026-09-09T17:27:14.692839\'::timestamp, 1, 976, \'table\', \'draft\', \'2026-09-09T17:27:14.692839\'::timestamp, 1) RETURNING "id"'
ERROR: duplicate key value violates unique constraint "federation_match_club_referee_duty_club_duty_unique"
DETAIL:  Key (match_id, club_id, role)=(976, 319, table) already exists.
 
2026-09-09 17:27:14,923 33 INFO sf_rc_validation odoo.addons.base.models.ir_attachment: filestore gc 0 checked, 0 removed 
2026-09-09 17:27:15,029 33 INFO sf_rc_validation odoo.addons.sports_federation_officiating.tests.test_club_referee_duty: Starting TestClubRefereeDutyMatchExtension.test_pending_count_decrements_on_confirm ... 
2026-09-09 17:27:15,056 33 INFO sf_rc_validation odoo.addons.sports_federation_officiating.tests.test_club_referee_duty: Starting TestClubRefereeDutyMatchExtension.test_pending_count_increments_on_open ... 
2026-09-09 17:27:15,171 33 INFO sf_rc_validation odoo.addons.base.models.ir_attachment: filestore gc 0 checked, 0 removed 
2026-09-09 17:27:15,206 33 INFO sf_rc_validation odoo.addons.sports_federation_officiating.tests.test_officiating: Starting TestFederationReferee.test_certification_count ... 
2026-09-09 17:27:15,211 33 INFO sf_rc_validation odoo.addons.sports_federation_officiating.tests.test_officiating: Starting TestFederationReferee.test_create_referee ... 
2026-09-09 17:27:15,315 33 INFO sf_rc_validation odoo.addons.base.models.ir_attachment: filestore gc 0 checked, 0 removed 
2026-09-09 17:27:15,351 33 INFO sf_rc_validation odoo.addons.sports_federation_officiating.tests.test_officiating: Starting TestRefereeCertification.test_certification_invalid_dates ... 
2026-09-09 17:27:15,354 33 INFO sf_rc_validation odoo.addons.sports_federation_officiating.tests.test_officiating: Starting TestRefereeCertification.test_create_certification ... 
2026-09-09 17:27:15,357 33 INFO sf_rc_validation odoo.addons.sports_federation_officiating.tests.test_officiating: Starting TestRefereeCertification.test_duplicate_certification_rejected ... 
2026-09-09 17:27:15,362 33 ERROR sf_rc_validation odoo.sql_db: bad query: b'INSERT INTO "federation_referee_certification" ("active", "create_date", "create_uid", "issue_date", "level", "name", "referee_id", "write_date", "write_uid") VALUES (true, \'2026-09-09T17:27:15.316522\'::timestamp, 1, \'2024-05-01\'::date, \'national\', \'CERT-003-DUP\', 109, \'2026-09-09T17:27:15.316522\'::timestamp, 1) RETURNING "id"'
ERROR: duplicate key value violates unique constraint "federation_referee_certification_referee_level_date_unique"
DETAIL:  Key (referee_id, level, issue_date)=(109, national, 2024-05-01) already exists.
 
2026-09-09 17:27:15,466 33 INFO sf_rc_validation odoo.addons.base.models.ir_attachment: filestore gc 0 checked, 0 removed 
2026-09-09 17:27:15,552 33 INFO sf_rc_validation odoo.addons.sports_federation_officiating.tests.test_officiating: Starting TestMatchReferee.test_assign_referee_to_match ... 
2026-09-09 17:27:15,564 33 INFO sf_rc_validation odoo.addons.sports_federation_officiating.tests.test_officiating: Starting TestMatchReferee.test_assignment_count_computed ... 
2026-09-09 17:27:15,578 33 INFO sf_rc_validation odoo.addons.sports_federation_officiating.tests.test_officiating: Starting TestMatchReferee.test_assignment_state_transitions ... 
2026-09-09 17:27:15,591 33 INFO sf_rc_validation odoo.addons.sports_federation_officiating.tests.test_officiating: Starting TestMatchReferee.test_availability_gap_creates_warning_without_blocking_confirmation ... 
2026-09-09 17:27:15,611 33 INFO sf_rc_validation odoo.addons.sports_federation_officiating.tests.test_officiating: Starting TestMatchReferee.test_cert_expired_day_before_match_is_rejected ... 
2026-09-09 17:27:15,638 33 INFO sf_rc_validation odoo.addons.sports_federation_officiating.tests.test_officiating: Starting TestMatchReferee.test_cert_expiring_on_match_day_is_valid ... 
2026-09-09 17:27:15,660 33 INFO sf_rc_validation odoo.addons.sports_federation_officiating.tests.test_officiating: Starting TestMatchReferee.test_cert_starting_after_match_is_invalid ... 
2026-09-09 17:27:15,686 33 INFO sf_rc_validation odoo.addons.sports_federation_officiating.tests.test_officiating: Starting TestMatchReferee.test_cert_starting_on_match_day_is_valid ... 
2026-09-09 17:27:15,707 33 INFO sf_rc_validation odoo.addons.sports_federation_officiating.tests.test_officiating: Starting TestMatchReferee.test_confirm_rejects_expired_certification ... 
2026-09-09 17:27:15,733 33 INFO sf_rc_validation odoo.addons.sports_federation_officiating.tests.test_officiating: Starting TestMatchReferee.test_confirmation_deadline_is_48_hours_before_match ... 
2026-09-09 17:27:15,751 33 INFO sf_rc_validation odoo.addons.sports_federation_officiating.tests.test_officiating: Starting TestMatchReferee.test_different_roles_allowed ... 
2026-09-09 17:27:15,767 33 INFO sf_rc_validation odoo.addons.sports_federation_officiating.tests.test_officiating: Starting TestMatchReferee.test_duplicate_role_rejected ... 
2026-09-09 17:27:15,782 33 ERROR sf_rc_validation odoo.sql_db: bad query: b'INSERT INTO "federation_match_referee" ("assigned_on", "create_date", "create_uid", "match_id", "referee_id", "role", "state", "write_date", "write_uid") VALUES (\'2026-09-09T17:27:15\'::timestamp, \'2026-09-09T17:27:15.467693\'::timestamp, 1, 978, 110, \'head\', \'draft\', \'2026-09-09T17:27:15.467693\'::timestamp, 1) RETURNING "id"'
ERROR: duplicate key value violates unique constraint "federation_match_referee_match_referee_role_unique"
DETAIL:  Key (match_id, referee_id, role)=(978, 110, head) already exists.
 
2026-09-09 17:27:15,782 33 INFO sf_rc_validation odoo.addons.sports_federation_officiating.tests.test_officiating: Starting TestMatchReferee.test_match_readiness_becomes_ready_with_required_confirmed_officials ... 
2026-09-09 17:27:15,812 33 INFO sf_rc_validation odoo.addons.sports_federation_officiating.tests.test_officiating: Starting TestMatchReferee.test_match_readiness_detects_missing_head_referee ... 
2026-09-09 17:27:15,836 33 INFO sf_rc_validation odoo.addons.sports_federation_officiating.tests.test_officiating: Starting TestMatchReferee.test_no_cert_ids_and_no_level_is_rejected ... 
2026-09-09 17:27:15,860 33 INFO sf_rc_validation odoo.addons.sports_federation_officiating.tests.test_officiating: Starting TestMatchReferee.test_no_cert_ids_falls_back_to_certification_level ... 
2026-09-09 17:27:15,880 33 INFO sf_rc_validation odoo.addons.sports_federation_officiating.tests.test_officiating: Starting TestMatchReferee.test_overdue_assignment_is_flagged ... 
2026-09-09 17:27:15,898 33 INFO sf_rc_validation odoo.addons.sports_federation_officiating.tests.test_officiating: Starting TestMatchReferee.test_overlapping_assignment_blocks_confirmation ... 
2026-09-09 17:27:15,947 33 INFO sf_rc_validation odoo.addons.sports_federation_officiating.tests.test_officiating: Starting TestMatchReferee.test_readiness_issues_include_cert_problem ... 
2026-09-09 17:27:16,072 33 INFO sf_rc_validation odoo.addons.base.models.ir_attachment: filestore gc 0 checked, 0 removed 
2026-09-09 17:27:16,106 33 INFO sf_rc_validation odoo.addons.sports_federation_officiating.tests.test_reimbursement: Starting TestReimbursementRequest.test_approve_non_submitted_raises ... 
2026-09-09 17:27:16,114 33 INFO sf_rc_validation odoo.addons.sports_federation_officiating.tests.test_reimbursement: Starting TestReimbursementRequest.test_cancel_from_approved ... 
2026-09-09 17:27:16,124 33 INFO sf_rc_validation odoo.addons.sports_federation_officiating.tests.test_reimbursement: Starting TestReimbursementRequest.test_cancel_from_submitted ... 
2026-09-09 17:27:16,135 33 INFO sf_rc_validation odoo.addons.sports_federation_officiating.tests.test_reimbursement: Starting TestReimbursementRequest.test_create_in_draft_state ... 
2026-09-09 17:27:16,145 33 INFO sf_rc_validation odoo.addons.sports_federation_officiating.tests.test_reimbursement: Starting TestReimbursementRequest.test_export_csv_raises_when_no_approved ... 
2026-09-09 17:27:16,156 33 INFO sf_rc_validation odoo.addons.sports_federation_officiating.tests.test_reimbursement: Starting TestReimbursementRequest.test_export_csv_returns_download_action ... 
2026-09-09 17:27:16,170 33 INFO sf_rc_validation odoo.addons.sports_federation_officiating.tests.test_reimbursement: Starting TestReimbursementRequest.test_export_csv_skips_non_approved ... 
2026-09-09 17:27:16,186 33 INFO sf_rc_validation odoo.addons.sports_federation_officiating.tests.test_reimbursement: Starting TestReimbursementRequest.test_full_lifecycle_draft_to_paid ... 
2026-09-09 17:27:16,196 33 INFO sf_rc_validation odoo.addons.sports_federation_officiating.tests.test_reimbursement: Starting TestReimbursementRequest.test_mark_paid_non_approved_raises ... 
2026-09-09 17:27:16,207 33 INFO sf_rc_validation odoo.addons.sports_federation_officiating.tests.test_reimbursement: Starting TestReimbursementRequest.test_negative_amount_is_rejected ... 
2026-09-09 17:27:16,213 33 INFO sf_rc_validation odoo.addons.sports_federation_officiating.tests.test_reimbursement: Starting TestReimbursementRequest.test_paid_request_cannot_be_cancelled ... 
2026-09-09 17:27:16,224 33 INFO sf_rc_validation odoo.addons.sports_federation_officiating.tests.test_reimbursement: Starting TestReimbursementRequest.test_reset_cancelled_to_draft ... 
2026-09-09 17:27:16,235 33 INFO sf_rc_validation odoo.addons.sports_federation_officiating.tests.test_reimbursement: Starting TestReimbursementRequest.test_reset_non_cancelled_raises ... 
2026-09-09 17:27:16,245 33 INFO sf_rc_validation odoo.addons.sports_federation_officiating.tests.test_reimbursement: Starting TestReimbursementRequest.test_submit_non_draft_raises ... 
2026-09-09 17:27:16,257 33 INFO sf_rc_validation odoo.addons.sports_federation_officiating.tests.test_reimbursement: Starting TestReimbursementRequest.test_zero_amount_is_allowed ... 
2026-09-09 17:27:16,369 33 INFO sf_rc_validation odoo.addons.base.models.ir_attachment: filestore gc 2 checked, 2 removed 
2026-09-09 17:27:16,474 33 INFO sf_rc_validation odoo.addons.sports_federation_officiating.tests.test_tour_club_referee_duty: Starting TestTourClubRefereeDuty.test_cancel_blocked_on_confirmed ... 
2026-09-09 17:27:16,502 33 INFO sf_rc_validation odoo.addons.sports_federation_officiating.tests.test_tour_club_referee_duty: Starting TestTourClubRefereeDuty.test_cancel_resets_to_draft ... 
2026-09-09 17:27:16,513 33 INFO sf_rc_validation odoo.addons.sports_federation_officiating.tests.test_tour_club_referee_duty: Starting TestTourClubRefereeDuty.test_cross_club_nomination_blocked ... 
2026-09-09 17:27:16,527 33 INFO sf_rc_validation odoo.addons.sports_federation_officiating.tests.test_tour_club_referee_duty: Starting TestTourClubRefereeDuty.test_deadline_overdue_false_when_confirmed ... 
2026-09-09 17:27:16,568 33 INFO sf_rc_validation odoo.addons.sports_federation_officiating.tests.test_tour_club_referee_duty: Starting TestTourClubRefereeDuty.test_deadline_overdue_flag_past_match ... 
2026-09-09 17:27:16,598 33 INFO sf_rc_validation odoo.addons.sports_federation_officiating.tests.test_tour_club_referee_duty: Starting TestTourClubRefereeDuty.test_display_name_is_readable ... 
2026-09-09 17:27:16,610 33 INFO sf_rc_validation odoo.addons.sports_federation_officiating.tests.test_tour_club_referee_duty: Starting TestTourClubRefereeDuty.test_duplicate_duty_blocked ... 
2026-09-09 17:27:16,622 33 ERROR sf_rc_validation odoo.sql_db: bad query: b'INSERT INTO "federation_match_club_referee_duty" ("club_id", "create_date", "create_uid", "match_id", "role", "state", "write_date", "write_uid") VALUES (324, \'2026-09-09T17:27:16.370873\'::timestamp, 1, 980, \'table\', \'draft\', \'2026-09-09T17:27:16.370873\'::timestamp, 1) RETURNING "id"'
ERROR: duplicate key value violates unique constraint "federation_match_club_referee_duty_club_duty_unique"
DETAIL:  Key (match_id, club_id, role)=(980, 324, table) already exists.
 
2026-09-09 17:27:16,623 33 INFO sf_rc_validation odoo.addons.sports_federation_officiating.tests.test_tour_club_referee_duty: Starting TestTourClubRefereeDuty.test_full_happy_path ... 
2026-09-09 17:27:16,645 33 INFO sf_rc_validation odoo.addons.sports_federation_officiating.tests.test_tour_club_referee_duty: Starting TestTourClubRefereeDuty.test_nomination_deadline_72h_before_match ... 
2026-09-09 17:27:16,657 33 INFO sf_rc_validation odoo.addons.sports_federation_officiating.tests.test_tour_club_referee_duty: Starting TestTourClubRefereeDuty.test_pending_count_on_match ... 
2026-09-09 17:27:16,680 33 INFO sf_rc_validation odoo.addons.sports_federation_officiating.tests.test_tour_club_referee_duty: Starting TestTourClubRefereeDuty.test_rejection_and_renomination_cycle ... 
2026-09-09 17:27:16,811 33 INFO sf_rc_validation odoo.addons.base.models.ir_attachment: filestore gc 0 checked, 0 removed 
2026-09-09 17:27:16,893 33 INFO sf_rc_validation odoo.addons.sports_federation_officiating.tests.test_tour_match_day: Starting TestTourMatchDay.test_match_day_referee_assignment_lifecycle ... 
2026-09-09 17:27:17,118 33 INFO sf_rc_validation odoo.addons.base.models.ir_attachment: filestore gc 0 checked, 0 removed 
2026-09-09 17:27:17,203 33 INFO sf_rc_validation odoo.addons.sports_federation_officiating.tests.test_tour_officiating: Starting TestTourOfficiating.test_officiating_full_lifecycle ... 
2026-09-09 17:27:17,433 33 INFO sf_rc_validation odoo.addons.base.models.ir_attachment: filestore gc 0 checked, 0 removed 
2026-09-09 17:27:17,546 33 INFO sf_rc_validation odoo.addons.sports_federation_officiating.tests.test_workflow_officiating: Starting TestPhase0MatchRefereeConflict.test_cancelled_assignment_does_not_block ... 
2026-09-09 17:27:17,561 33 INFO sf_rc_validation odoo.addons.sports_federation_officiating.tests.test_workflow_officiating: Starting TestPhase0MatchRefereeConflict.test_conflict_same_day_raises ... 
2026-09-09 17:27:17,583 33 INFO sf_rc_validation odoo.addons.sports_federation_officiating.tests.test_workflow_officiating: Starting TestPhase0MatchRefereeConflict.test_different_day_allowed ... 
2026-09-09 17:27:17,596 33 INFO sf_rc_validation odoo.addons.sports_federation_officiating.tests.test_workflow_officiating: Starting TestPhase0MatchRefereeConflict.test_undated_match_no_conflict_check ... 
2026-09-09 17:27:17,730 33 INFO sf_rc_validation odoo.addons.base.models.ir_attachment: filestore gc 0 checked, 0 removed 
2026-09-09 17:27:17,813 33 INFO sf_rc_validation odoo.addons.sports_federation_officiating.tests.test_workflow_officiating: Starting TestPhase0InlineCreation.test_inline_creation_via_one2many ... 
2026-09-09 17:27:17,935 33 INFO sf_rc_validation odoo.addons.base.models.ir_attachment: filestore gc 0 checked, 0 removed 
2026-09-09 17:27:17,935 33 INFO sf_rc_validation odoo.modules.loading: Module sports_federation_officiating loaded in 4.78s (incl. 4.40s test), 482 queries (+3323 test, +482 other) 
2026-09-09 17:27:17,936 33 INFO sf_rc_validation odoo.modules.loading: Loading module sports_federation_public_site (60/67) 
2026-09-09 17:27:17,967 33 INFO sf_rc_validation odoo.registry: module sports_federation_public_site: creating or updating database tables 
2026-09-09 17:27:18,113 33 INFO sf_rc_validation odoo.modules.loading: loading sports_federation_public_site/security/ir.model.access.csv 
2026-09-09 17:27:18,120 33 INFO sf_rc_validation odoo.modules.loading: loading sports_federation_public_site/views/website_templates.xml 
2026-09-09 17:27:18,173 33 INFO sf_rc_validation odoo.modules.loading: loading sports_federation_public_site/views/website_competition_templates.xml 
2026-09-09 17:27:18,235 33 INFO sf_rc_validation odoo.modules.loading: loading sports_federation_public_site/views/competition_edition_views_inherit.xml 
2026-09-09 17:27:18,262 33 INFO sf_rc_validation odoo.modules.loading: loading sports_federation_public_site/views/website_hub_templates.xml 
2026-09-09 17:27:18,309 33 INFO sf_rc_validation odoo.modules.loading: loading sports_federation_public_site/views/website_editorial_templates.xml 
2026-09-09 17:27:18,367 33 INFO sf_rc_validation odoo.modules.loading: loading sports_federation_public_site/views/website_clubs_players_templates.xml 
2026-09-09 17:27:18,397 33 INFO sf_rc_validation odoo.modules.loading: loading sports_federation_public_site/views/website_menu.xml 
2026-09-09 17:27:18,404 33 INFO sf_rc_validation odoo.modules.loading: loading sports_federation_public_site/views/season_views_inherit.xml 
2026-09-09 17:27:18,423 33 INFO sf_rc_validation odoo.modules.loading: loading sports_federation_public_site/views/tournament_views_inherit.xml 
2026-09-09 17:27:18,445 33 INFO sf_rc_validation odoo.modules.loading: loading sports_federation_public_site/views/team_views_inherit.xml 
2026-09-09 17:27:18,477 33 INFO sf_rc_validation odoo.modules.loading: loading sports_federation_public_site/views/standing_views_inherit.xml 
2026-09-09 17:27:18,499 33 INFO sf_rc_validation odoo.modules.loading: loading sports_federation_public_site/views/editorial_views.xml 
2026-09-09 17:27:18,691 33 INFO sf_rc_validation odoo.addons.sports_federation_public_site.tests.test_public_api: Starting TestPublicSiteNewEndpoints.test_archive_includes_cancelled_published ... 
2026-09-09 17:27:18,703 33 INFO sf_rc_validation odoo.addons.sports_federation_public_site.tests.test_public_api: Starting TestPublicSiteNewEndpoints.test_archive_only_returns_closed_published ... 
2026-09-09 17:27:18,704 33 INFO sf_rc_validation odoo.addons.sports_federation_public_site.tests.test_public_api: Starting TestPublicSiteNewEndpoints.test_editorial_archive_and_reset_to_draft_enforce_allowed_states ... 
2026-09-09 17:27:18,712 33 INFO sf_rc_validation odoo.addons.sports_federation_public_site.tests.test_public_api: Starting TestPublicSiteNewEndpoints.test_editorial_items_only_go_live_inside_publication_window ... 
2026-09-09 17:27:18,716 33 INFO sf_rc_validation odoo.addons.sports_federation_public_site.tests.test_public_api: Starting TestPublicSiteNewEndpoints.test_editorial_publish_accepts_only_draft_or_scheduled ... 
2026-09-09 17:27:18,721 33 INFO sf_rc_validation odoo.addons.sports_federation_public_site.tests.test_public_api: Starting TestPublicSiteNewEndpoints.test_editorial_schedule_requires_draft_with_publish_start ... 
2026-09-09 17:27:18,726 33 INFO sf_rc_validation odoo.addons.sports_federation_public_site.tests.test_public_api: Starting TestPublicSiteNewEndpoints.test_json_api_date_null_when_not_set ... 
2026-09-09 17:27:18,737 33 INFO sf_rc_validation odoo.addons.sports_federation_public_site.tests.test_public_api: Starting TestPublicSiteNewEndpoints.test_json_api_fields ... 
2026-09-09 17:27:18,738 33 INFO sf_rc_validation odoo.addons.sports_federation_public_site.tests.test_public_api: Starting TestPublicSiteNewEndpoints.test_json_api_returns_published_only ... 
2026-09-09 17:27:18,739 33 INFO sf_rc_validation odoo.addons.sports_federation_public_site.tests.test_public_api: Starting TestPublicSiteNewEndpoints.test_live_and_recent_public_tournament_helpers ... 
2026-09-09 17:27:18,742 33 INFO sf_rc_validation odoo.addons.sports_federation_public_site.tests.test_public_api: Starting TestPublicSiteNewEndpoints.test_main_tournament_hub_domain_excludes_unpublished_records ... 
2026-09-09 17:27:18,743 33 INFO sf_rc_validation odoo.addons.sports_federation_public_site.tests.test_public_api: Starting TestPublicSiteNewEndpoints.test_public_archived_tournaments_only_return_published_archive ... 
2026-09-09 17:27:18,744 33 INFO sf_rc_validation odoo.addons.sports_federation_public_site.tests.test_public_api: Starting TestPublicSiteNewEndpoints.test_public_bracket_sections_group_knockout_matches ... 
2026-09-09 17:27:18,746 33 INFO sf_rc_validation odoo.addons.sports_federation_public_site.tests.test_public_api: Starting TestPublicSiteNewEndpoints.test_public_discovery_helpers_stay_within_query_budget ... 
2026-09-09 17:27:18,751 33 INFO sf_rc_validation odoo.addons.sports_federation_public_site.tests.test_public_api: Starting TestPublicSiteNewEndpoints.test_public_featured_tournaments_only_return_active_published ... 
2026-09-09 17:27:18,753 33 INFO sf_rc_validation odoo.addons.sports_federation_public_site.tests.test_public_api: Starting TestPublicSiteNewEndpoints.test_public_schedule_sections_stay_within_query_budget ... 
2026-09-09 17:27:18,766 33 INFO sf_rc_validation odoo.addons.sports_federation_public_site.tests.test_public_api: Query count less than expected for user __system__: 2 < 4 in test_public_schedule_sections_stay_within_query_budget at /mnt/extra-addons/sports_federation_public_site/tests/test_public_api.py:456 
2026-09-09 17:27:18,767 33 INFO sf_rc_validation odoo.addons.sports_federation_public_site.tests.test_public_api: Starting TestPublicSiteNewEndpoints.test_public_season_slug_resolution_can_apply_publication_domain ... 
2026-09-09 17:27:18,769 33 INFO sf_rc_validation odoo.addons.sports_federation_public_site.tests.test_public_api: Starting TestPublicSiteNewEndpoints.test_public_slug_resolution_can_apply_publication_domain ... 
2026-09-09 17:27:18,772 33 INFO sf_rc_validation odoo.addons.sports_federation_public_site.tests.test_public_api: Starting TestPublicSiteNewEndpoints.test_published_season_slug_and_helper_paths ... 
2026-09-09 17:27:18,774 33 INFO sf_rc_validation odoo.addons.sports_federation_public_site.tests.test_public_api: Starting TestPublicSiteNewEndpoints.test_schedule_sections_use_fixture_query_not_approved_results ... 
2026-09-09 17:27:18,776 33 INFO sf_rc_validation odoo.addons.sports_federation_public_site.tests.test_public_api: Starting TestPublicSiteNewEndpoints.test_team_follow_helpers_expose_schedule_results_and_feed ... 
2026-09-09 17:27:18,787 33 INFO sf_rc_validation odoo.addons.sports_federation_public_site.tests.test_public_api: Starting TestPublicSiteNewEndpoints.test_team_public_slug_and_profile_helpers ... 
2026-09-09 17:27:18,792 33 INFO sf_rc_validation odoo.addons.sports_federation_public_site.tests.test_public_api: Starting TestPublicSiteNewEndpoints.test_team_public_slug_resolution_can_apply_publication_domain ... 
2026-09-09 17:27:18,798 33 INFO sf_rc_validation odoo.addons.sports_federation_public_site.tests.test_public_api: Starting TestPublicSiteNewEndpoints.test_teams_excludes_withdrawn_participants ... 
2026-09-09 17:27:18,820 33 INFO sf_rc_validation odoo.addons.sports_federation_public_site.tests.test_public_api: Starting TestPublicSiteNewEndpoints.test_teams_not_shown_for_unpublished_tournament ... 
2026-09-09 17:27:18,823 33 INFO sf_rc_validation odoo.addons.sports_federation_public_site.tests.test_public_api: Starting TestPublicSiteNewEndpoints.test_teams_shows_participant_state ... 
2026-09-09 17:27:18,927 33 INFO sf_rc_validation odoo.addons.base.models.ir_attachment: filestore gc 0 checked, 0 removed 
2026-09-09 17:27:19,068 33 INFO sf_rc_validation odoo.addons.sports_federation_public_site.tests.test_public_api: Starting TestPublicApiRateLimits.test_competition_feed_rate_limits_repeat_callers ... 
2026-09-09 17:27:19,088 33 INFO sf_rc_validation odoo.addons.sports_federation_public_site.tests.test_public_api: Starting TestPublicApiRateLimits.test_competitions_api_json_rate_limits_repeat_callers ... 
2026-09-09 17:27:19,096 33 INFO sf_rc_validation odoo.addons.sports_federation_public_site.tests.test_public_api: Starting TestPublicApiRateLimits.test_team_feed_rate_limits_repeat_callers ... 
2026-09-09 17:27:19,213 33 INFO sf_rc_validation odoo.addons.base.models.ir_attachment: filestore gc 0 checked, 0 removed 
2026-09-09 17:27:19,214 33 INFO sf_rc_validation odoo.addons.sports_federation_public_site.tests.test_public_competition_contract: Starting TestPublicCompetitionContract.test_competition_api_payload_excludes_private_fields ... 
2026-09-09 17:27:19,260 33 INFO sf_rc_validation odoo.addons.sports_federation_public_site.tests.test_public_competition_contract: Starting TestPublicCompetitionContract.test_public_division_helpers_use_competition_namespace ... 
2026-09-09 17:27:19,286 33 INFO sf_rc_validation odoo.addons.sports_federation_public_site.tests.test_public_competition_contract: Starting TestPublicCompetitionContract.test_route_cutover_repairs_stored_hub_inheritance_before_upgrade ... 
2026-09-09 17:27:19,287 33 INFO sf_rc_validation odoo.addons.sports_federation_public_site.tests.test_public_competition_contract: Starting TestPublicCompetitionContract.test_source_defines_no_removed_public_route_namespace ... 
2026-09-09 17:27:19,289 33 INFO sf_rc_validation odoo.addons.sports_federation_public_site.tests.test_public_competition_contract: Starting TestPublicCompetitionContract.test_unpublished_edition_hides_published_child ... 
2026-09-09 17:27:19,411 33 INFO sf_rc_validation odoo.addons.base.models.ir_attachment: filestore gc 0 checked, 0 removed 
2026-09-09 17:27:19,412 33 INFO sf_rc_validation odoo.addons.sports_federation_public_site.tests.test_public_controller_structure: Starting TestPublicControllerStructure.test_request_infrastructure_is_extracted_from_route_controller ... 
2026-09-09 17:27:19,515 33 INFO sf_rc_validation odoo.addons.base.models.ir_attachment: filestore gc 0 checked, 0 removed 
2026-09-09 17:27:19,557 33 INFO sf_rc_validation odoo.addons.sports_federation_public_site.tests.test_public_site: Starting TestPublicSite.test_only_published_standings_visible ... 
2026-09-09 17:27:19,560 33 INFO sf_rc_validation odoo.addons.sports_federation_public_site.tests.test_public_site: Starting TestPublicSite.test_public_results_query_only_returns_approved_matches ... 
2026-09-09 17:27:19,576 33 INFO sf_rc_validation odoo.addons.sports_federation_public_site.tests.test_public_site: Starting TestPublicSite.test_public_site_state_labels_are_humanized ... 
2026-09-09 17:27:19,623 33 INFO sf_rc_validation odoo.addons.sports_federation_public_site.tests.test_public_site: Starting TestPublicSite.test_public_slug_must_be_unique ... 
2026-09-09 17:27:19,629 33 ERROR sf_rc_validation odoo.sql_db: bad query: b'INSERT INTO "federation_tournament" ("active", "code", "create_date", "create_uid", "date_end", "date_start", "name", "public_featured", "public_slug", "show_public_results", "show_public_standings", "state", "tournament_type", "website_published", "write_date", "write_uid") VALUES (true, \'OTHER-TT\', \'2026-09-09T17:27:19.516946\'::timestamp, 1, \'2024-02-28\'::date, \'2024-02-01\'::date, \'Other Tournament\', false, \'shared-slug\', true, true, \'draft\', \'single_day\', false, \'2026-09-09T17:27:19.516946\'::timestamp, 1) RETURNING "id"'
ERROR: duplicate key value violates unique constraint "federation_tournament_public_slug_unique"
DETAIL:  Key (public_slug)=(shared-slug) already exists.
 
2026-09-09 17:27:19,630 33 INFO sf_rc_validation odoo.addons.sports_federation_public_site.tests.test_public_site: Starting TestPublicSite.test_published_tournament_detail_renders ... 
2026-09-09 17:27:19,632 33 INFO sf_rc_validation odoo.addons.sports_federation_public_site.tests.test_public_site: Starting TestPublicSite.test_published_tournament_visible_on_list ... 
2026-09-09 17:27:19,636 33 INFO sf_rc_validation odoo.addons.sports_federation_public_site.tests.test_public_site: Starting TestPublicSite.test_results_visibility_requires_results_toggle ... 
2026-09-09 17:27:19,638 33 INFO sf_rc_validation odoo.addons.sports_federation_public_site.tests.test_public_site: Starting TestPublicSite.test_standing_public_fields ... 
2026-09-09 17:27:19,641 33 INFO sf_rc_validation odoo.addons.sports_federation_public_site.tests.test_public_site: Starting TestPublicSite.test_standings_visibility_requires_standings_toggle ... 
2026-09-09 17:27:19,643 33 INFO sf_rc_validation odoo.addons.sports_federation_public_site.tests.test_public_site: Starting TestPublicSite.test_tournament_public_fields ... 
2026-09-09 17:27:19,647 33 INFO sf_rc_validation odoo.addons.sports_federation_public_site.tests.test_public_site: Starting TestPublicSite.test_unpublished_standing_hidden ... 
2026-09-09 17:27:19,652 33 INFO sf_rc_validation odoo.addons.sports_federation_public_site.tests.test_public_site: Starting TestPublicSite.test_unpublished_tournament_detail_returns_404 ... 
2026-09-09 17:27:19,654 33 INFO sf_rc_validation odoo.addons.sports_federation_public_site.tests.test_public_site: Starting TestPublicSite.test_unpublished_tournament_not_visible_on_list ... 
2026-09-09 17:27:19,657 33 INFO sf_rc_validation odoo.addons.sports_federation_public_site.tests.test_public_site: Starting TestPublicSite.test_website_cleanup_rebrands_placeholder_shell_and_footer ... 
2026-09-09 17:27:19,728 33 INFO sf_rc_validation odoo.models.unlink: User #1 deleted website.menu records with IDs: [6] 
2026-09-09 17:27:19,734 33 INFO sf_rc_validation odoo.addons.sports_federation_public_site.tests.test_public_site: Starting TestPublicSite.test_website_cleanup_removes_placeholder_navigation_entries ... 
2026-09-09 17:27:19,784 33 INFO sf_rc_validation odoo.models.unlink: User #1 deleted website.menu records with IDs: [306, 307, 308, 6, 309] 
2026-09-09 17:27:19,893 33 INFO sf_rc_validation odoo.addons.base.models.ir_attachment: filestore gc 0 checked, 0 removed 
2026-09-09 17:27:19,895 33 INFO sf_rc_validation odoo.addons.sports_federation_public_site.tests.test_template_accessibility: Starting TestPublicSiteTemplateAccessibility.test_public_data_tables_have_captions_and_header_scope ... 
2026-09-09 17:27:19,896 33 INFO sf_rc_validation odoo.addons.sports_federation_public_site.tests.test_template_accessibility: Starting TestPublicSiteTemplateAccessibility.test_public_feedback_uses_alert_roles ... 
2026-09-09 17:27:19,898 33 INFO sf_rc_validation odoo.addons.sports_federation_public_site.tests.test_template_accessibility: Starting TestPublicSiteTemplateAccessibility.test_public_forms_have_explicit_labels ... 
2026-09-09 17:27:19,899 33 INFO sf_rc_validation odoo.addons.sports_federation_public_site.tests.test_template_accessibility: Starting TestPublicSiteTemplateAccessibility.test_public_gameday_hides_internal_schedule_metadata ... 
2026-09-09 17:27:19,900 33 INFO sf_rc_validation odoo.addons.sports_federation_public_site.tests.test_template_accessibility: Starting TestPublicSiteTemplateAccessibility.test_public_match_card_shows_division_once ... 
2026-09-09 17:27:19,901 33 INFO sf_rc_validation odoo.addons.sports_federation_public_site.tests.test_template_accessibility: Starting TestPublicSiteTemplateAccessibility.test_public_templates_use_human_state_labels ... 
2026-09-09 17:27:20,016 33 INFO sf_rc_validation odoo.addons.base.models.ir_attachment: filestore gc 0 checked, 0 removed 
2026-09-09 17:27:20,060 33 INFO sf_rc_validation odoo.addons.sports_federation_public_site.tests.test_tour_publication: Starting TestTourPublication.test_publication_lifecycle ... 
2026-09-09 17:27:20,177 33 INFO sf_rc_validation odoo.addons.base.models.ir_attachment: filestore gc 0 checked, 0 removed 
2026-09-09 17:27:20,177 33 INFO sf_rc_validation odoo.modules.loading: Module sports_federation_public_site loaded in 2.24s (incl. 1.61s test), 755 queries (+1077 test, +755 other) 
2026-09-09 17:27:20,177 33 INFO sf_rc_validation odoo.modules.loading: Loading module sports_federation_discipline (61/67) 
2026-09-09 17:27:20,198 33 INFO sf_rc_validation odoo.registry: module sports_federation_discipline: creating or updating database tables 
2026-09-09 17:27:20,270 33 INFO sf_rc_validation odoo.modules.loading: loading sports_federation_discipline/security/discipline_security.xml 
2026-09-09 17:27:20,298 33 INFO sf_rc_validation odoo.modules.loading: loading sports_federation_discipline/security/ir.model.access.csv 
2026-09-09 17:27:20,311 33 INFO sf_rc_validation odoo.modules.loading: loading sports_federation_discipline/data/ir_sequence.xml 
2026-09-09 17:27:20,315 33 INFO sf_rc_validation odoo.modules.loading: loading sports_federation_discipline/views/incident_views.xml 
2026-09-09 17:27:20,347 33 INFO sf_rc_validation odoo.modules.loading: loading sports_federation_discipline/views/disciplinary_case_views.xml 
2026-09-09 17:27:20,373 33 INFO sf_rc_validation odoo.modules.loading: loading sports_federation_discipline/views/sanction_views.xml 
2026-09-09 17:27:20,396 33 INFO sf_rc_validation odoo.modules.loading: loading sports_federation_discipline/views/suspension_views.xml 
2026-09-09 17:27:20,420 33 INFO sf_rc_validation odoo.modules.loading: loading sports_federation_discipline/views/player_views_inherit.xml 
2026-09-09 17:27:20,442 33 INFO sf_rc_validation odoo.modules.loading: loading sports_federation_discipline/views/match_views_inherit.xml 
2026-09-09 17:27:20,477 33 INFO sf_rc_validation odoo.modules.loading: loading sports_federation_discipline/views/menu_views.xml 
2026-09-09 17:27:20,583 33 INFO sf_rc_validation odoo.addons.sports_federation_discipline.tests.test_discipline: Starting TestDiscipline.test_case_related_fields_use_distinct_labels ... 
2026-09-09 17:27:20,596 33 INFO sf_rc_validation odoo.addons.sports_federation_discipline.tests.test_discipline: Starting TestDiscipline.test_case_state_transitions ... 
2026-09-09 17:27:20,609 33 INFO sf_rc_validation odoo.addons.sports_federation_discipline.tests.test_discipline: Starting TestDiscipline.test_create_case_and_attach_incident ... 
2026-09-09 17:27:20,624 33 INFO sf_rc_validation odoo.addons.sports_federation_discipline.tests.test_discipline: Starting TestDiscipline.test_create_incident_with_subject ... 
2026-09-09 17:27:20,628 33 INFO sf_rc_validation odoo.addons.sports_federation_discipline.tests.test_discipline: Starting TestDiscipline.test_create_sanction ... 
2026-09-09 17:27:20,643 33 INFO sf_rc_validation odoo.addons.sports_federation_discipline.tests.test_discipline: Starting TestDiscipline.test_create_suspension ... 
2026-09-09 17:27:20,662 33 INFO sf_rc_validation odoo.addons.sports_federation_discipline.tests.test_discipline: Starting TestDiscipline.test_incident_requires_subject_reference ... 
2026-09-09 17:27:20,666 33 INFO sf_rc_validation odoo.addons.sports_federation_discipline.tests.test_discipline: Starting TestDiscipline.test_player_suspension_count_reflects_linked_suspensions ... 
2026-09-09 17:27:20,685 33 INFO sf_rc_validation odoo.addons.sports_federation_discipline.tests.test_discipline: Starting TestDiscipline.test_review_submission_and_reopen_enforce_state_guards ... 
2026-09-09 17:27:20,709 33 INFO sf_rc_validation odoo.addons.sports_federation_discipline.tests.test_discipline: Starting TestDiscipline.test_suspension_activate_skips_dispatcher_when_absent ... 
2026-09-09 17:27:20,726 33 INFO sf_rc_validation odoo.addons.sports_federation_discipline.tests.test_discipline: Starting TestDiscipline.test_suspension_activation_sets_player_suspended ... 
2026-09-09 17:27:20,745 33 INFO sf_rc_validation odoo.addons.sports_federation_discipline.tests.test_discipline: Starting TestDiscipline.test_suspension_already_active_is_noop ... 
2026-09-09 17:27:20,763 33 INFO sf_rc_validation odoo.addons.sports_federation_discipline.tests.test_discipline: Starting TestDiscipline.test_suspension_cancel_from_active_restores_player ... 
2026-09-09 17:27:20,781 33 INFO sf_rc_validation odoo.addons.sports_federation_discipline.tests.test_discipline: Starting TestDiscipline.test_suspension_cancel_from_draft_restores_player ... 
2026-09-09 17:27:20,799 33 INFO sf_rc_validation odoo.addons.sports_federation_discipline.tests.test_discipline: Starting TestDiscipline.test_suspension_cancel_with_another_active_keeps_player_suspended ... 
2026-09-09 17:27:20,823 33 INFO sf_rc_validation odoo.addons.sports_federation_discipline.tests.test_discipline: Starting TestDiscipline.test_suspension_date_validation ... 
2026-09-09 17:27:20,837 33 INFO sf_rc_validation odoo.addons.sports_federation_discipline.tests.test_discipline: Starting TestDiscipline.test_suspension_expire_draft_is_noop ... 
2026-09-09 17:27:20,855 33 INFO sf_rc_validation odoo.addons.sports_federation_discipline.tests.test_discipline: Starting TestDiscipline.test_suspension_expire_restores_player_when_no_other_active ... 
2026-09-09 17:27:20,982 33 INFO sf_rc_validation odoo.addons.base.models.ir_attachment: filestore gc 0 checked, 0 removed 
2026-09-09 17:27:21,061 33 INFO sf_rc_validation odoo.addons.sports_federation_discipline.tests.test_tour_discipline_pipeline: Starting TestTourDisciplinePipeline.test_discipline_pipeline_full_cycle ... 
2026-09-09 17:27:21,200 33 INFO sf_rc_validation odoo.addons.base.models.ir_attachment: filestore gc 0 checked, 0 removed 
2026-09-09 17:27:21,201 33 INFO sf_rc_validation odoo.modules.loading: Module sports_federation_discipline loaded in 1.02s (incl. 0.68s test), 384 queries (+617 test, +384 other) 
2026-09-09 17:27:21,201 33 INFO sf_rc_validation odoo.modules.loading: Loading module sports_federation_portal (62/67) 
2026-09-09 17:27:21,248 33 INFO sf_rc_validation odoo.registry: module sports_federation_portal: creating or updating database tables 
2026-09-09 17:27:21,429 33 INFO sf_rc_validation odoo.modules.loading: loading sports_federation_portal/security/res_groups.xml 
2026-09-09 17:27:21,452 33 INFO sf_rc_validation odoo.modules.loading: loading sports_federation_portal/security/ir.model.access.csv 
2026-09-09 17:27:21,477 33 INFO sf_rc_validation odoo.modules.loading: loading sports_federation_portal/security/ir_rule.xml 
2026-09-09 17:27:21,554 33 INFO sf_rc_validation odoo.modules.loading: loading sports_federation_portal/data/federation_club_role_type.xml 
2026-09-09 17:27:21,564 33 INFO sf_rc_validation odoo.modules.loading: loading sports_federation_portal/data/operation_task_cron.xml 
2026-09-09 17:27:21,566 33 INFO sf_rc_validation odoo.modules.loading: loading sports_federation_portal/views/federation_club_role_type_views.xml 
2026-09-09 17:27:21,595 33 INFO sf_rc_validation odoo.modules.loading: loading sports_federation_portal/views/federation_club_representative_views.xml 
2026-09-09 17:27:21,620 33 INFO sf_rc_validation odoo.modules.loading: loading sports_federation_portal/views/federation_club_views.xml 
2026-09-09 17:27:21,637 33 INFO sf_rc_validation odoo.modules.loading: loading sports_federation_portal/views/federation_referee_views.xml 
2026-09-09 17:27:21,678 33 INFO sf_rc_validation odoo.modules.loading: loading sports_federation_portal/views/res_partner_views.xml 
2026-09-09 17:27:21,705 33 INFO sf_rc_validation odoo.modules.loading: loading sports_federation_portal/views/res_users_views.xml 
2026-09-09 17:27:21,731 33 INFO sf_rc_validation odoo.modules.loading: loading sports_federation_portal/views/federation_season_registration_views.xml 
2026-09-09 17:27:21,773 33 INFO sf_rc_validation odoo.modules.loading: loading sports_federation_portal/views/federation_match_sheet_views.xml 
2026-09-09 17:27:21,794 33 INFO sf_rc_validation odoo.modules.loading: loading sports_federation_portal/views/federation_club_representative_portal_views.xml 
2026-09-09 17:27:21,816 33 INFO sf_rc_validation odoo.models.unlink: User #1 deleted ir.actions.act_window.view records with IDs: [46, 47] 
2026-09-09 17:27:21,821 33 INFO sf_rc_validation odoo.modules.loading: loading sports_federation_portal/views/qol_views.xml 
2026-09-09 17:27:21,834 33 INFO sf_rc_validation odoo.modules.loading: loading sports_federation_portal/views/qol_search_templates.xml 
2026-09-09 17:27:21,842 33 INFO sf_rc_validation odoo.modules.loading: loading sports_federation_portal/views/portal_templates.xml 
2026-09-09 17:27:21,936 33 INFO sf_rc_validation odoo.modules.loading: loading sports_federation_portal/views/portal_data_api_templates.xml 
2026-09-09 17:27:21,954 33 INFO sf_rc_validation odoo.modules.loading: loading sports_federation_portal/views/competition_templates.xml 
2026-09-09 17:27:21,992 33 INFO sf_rc_validation odoo.modules.loading: loading sports_federation_portal/views/portal_officiating_templates.xml 
2026-09-09 17:27:22,007 33 INFO sf_rc_validation odoo.modules.loading: loading sports_federation_portal/views/portal_roster_templates.xml 
2026-09-09 17:27:22,069 33 INFO sf_rc_validation odoo.modules.loading: loading sports_federation_portal/views/portal_result_templates.xml 
2026-09-09 17:27:22,084 33 INFO sf_rc_validation odoo.modules.loading: loading sports_federation_portal/views/portal_referee_duty_templates.xml 
2026-09-09 17:27:22,099 33 INFO sf_rc_validation odoo.modules.loading: loading sports_federation_portal/views/operation_task_views.xml 
2026-09-09 17:27:22,123 33 INFO sf_rc_validation odoo.modules.loading: loading sports_federation_portal/views/website_menus.xml 
2026-09-09 17:27:22,130 33 INFO sf_rc_validation odoo.modules.loading: loading sports_federation_portal/views/menu_items.xml 
2026-09-09 17:27:22,298 33 INFO sf_rc_validation odoo.addons.sports_federation_portal.tests.test_club_representative: Starting TestClubRepresentative.test_create_multiple_representatives ... 
2026-09-09 17:27:22,327 33 INFO sf_rc_validation odoo.addons.sports_federation_portal.tests.test_club_representative: Starting TestClubRepresentative.test_date_validation ... 
2026-09-09 17:27:22,334 33 INFO sf_rc_validation odoo.addons.sports_federation_portal.tests.test_club_representative: Starting TestClubRepresentative.test_get_club_for_user ... 
2026-09-09 17:27:22,344 33 INFO sf_rc_validation odoo.addons.sports_federation_portal.tests.test_club_representative: Starting TestClubRepresentative.test_get_clubs_for_user ... 
2026-09-09 17:27:22,366 33 INFO sf_rc_validation odoo.addons.sports_federation_portal.tests.test_club_representative: Starting TestClubRepresentative.test_get_primary_contact ... 
2026-09-09 17:27:22,378 33 INFO sf_rc_validation odoo.addons.sports_federation_portal.tests.test_club_representative: Starting TestClubRepresentative.test_is_current_computation ... 
2026-09-09 17:27:22,385 33 INFO sf_rc_validation odoo.addons.sports_federation_portal.tests.test_club_representative: Starting TestClubRepresentative.test_multiple_primaries_different_roles ... 
2026-09-09 17:27:22,393 33 INFO sf_rc_validation odoo.addons.sports_federation_portal.tests.test_club_representative: Starting TestClubRepresentative.test_partner_club_role_uniqueness ... 
2026-09-09 17:27:22,407 33 INFO sf_rc_validation odoo.addons.sports_federation_portal.tests.test_club_representative: Starting TestClubRepresentative.test_partner_representative_count ... 
2026-09-09 17:27:22,424 33 INFO sf_rc_validation odoo.addons.sports_federation_portal.tests.test_club_representative: Starting TestClubRepresentative.test_primary_contact_uniqueness ... 
2026-09-09 17:27:22,440 33 INFO sf_rc_validation odoo.addons.sports_federation_portal.tests.test_club_representative: Starting TestClubRepresentative.test_role_type_get_by_code ... 
2026-09-09 17:27:22,441 33 INFO sf_rc_validation odoo.addons.sports_federation_portal.tests.test_club_representative: Starting TestClubRepresentative.test_role_type_linkage ... 
2026-09-09 17:27:22,445 33 INFO sf_rc_validation odoo.addons.sports_federation_portal.tests.test_club_representative: Starting TestClubRepresentative.test_scope_helpers_return_empty_for_non_club_portal_user ... 
2026-09-09 17:27:22,519 33 INFO sf_rc_validation odoo.addons.sports_federation_portal.tests.test_club_representative: Starting TestClubRepresentative.test_user_represented_clubs ... 
2026-09-09 17:27:22,638 33 INFO sf_rc_validation odoo.addons.base.models.ir_attachment: filestore gc 1 checked, 1 removed 
2026-09-09 17:27:22,945 33 INFO sf_rc_validation odoo.addons.sports_federation_portal.tests.test_officiating_portal_access: Starting TestOfficiatingPortalAccess.test_other_user_cannot_manage_assignment ... 
2026-09-09 17:27:22,953 33 INFO sf_rc_validation odoo.addons.sports_federation_portal.tests.test_officiating_portal_access: Starting TestOfficiatingPortalAccess.test_portal_official_can_confirm_assignment ... 
2026-09-09 17:27:22,969 33 INFO sf_rc_validation odoo.addons.sports_federation_portal.tests.test_officiating_portal_access: Starting TestOfficiatingPortalAccess.test_portal_official_decline_requires_reason ... 
2026-09-09 17:27:22,996 33 INFO sf_rc_validation odoo.addons.sports_federation_portal.tests.test_officiating_portal_access: Starting TestOfficiatingPortalAccess.test_portal_official_only_sees_own_assignments ... 
2026-09-09 17:27:23,008 33 INFO sf_rc_validation odoo.addons.sports_federation_portal.tests.test_officiating_portal_access: Starting TestOfficiatingPortalAccess.test_portal_referee_profile_resolves_for_user ... 
2026-09-09 17:27:23,116 33 INFO sf_rc_validation odoo.addons.base.models.ir_attachment: filestore gc 0 checked, 0 removed 
2026-09-09 17:27:23,275 33 INFO sf_rc_validation odoo.addons.sports_federation_portal.tests.test_operation_tasks: Starting TestFederationOperationTasks.test_blocking_task_cannot_be_manually_acknowledged ... 
2026-09-09 17:27:23,294 33 INFO sf_rc_validation odoo.addons.sports_federation_portal.tests.test_operation_tasks: Starting TestFederationOperationTasks.test_operation_task_opens_its_owning_record ... 
2026-09-09 17:27:23,415 33 INFO sf_rc_validation odoo.addons.base.models.ir_attachment: filestore gc 1 checked, 1 removed 
2026-09-09 17:27:23,532 33 INFO sf_rc_validation odoo.addons.sports_federation_portal.tests.test_player_portal_access: Starting TestPlayerPortalAccess.test_portal_create_player_audit_trail ... 
2026-09-09 17:27:23,553 33 INFO sf_rc_validation odoo.addons.sports_federation_portal.tests.test_player_portal_access: Starting TestPlayerPortalAccess.test_portal_create_player_blocks_other_club ... 
2026-09-09 17:27:23,560 33 INFO sf_rc_validation odoo.addons.sports_federation_portal.tests.test_player_portal_access: Starting TestPlayerPortalAccess.test_portal_create_player_minimal_fields ... 
2026-09-09 17:27:23,575 33 INFO sf_rc_validation odoo.addons.sports_federation_portal.tests.test_player_portal_access: Starting TestPlayerPortalAccess.test_portal_create_player_requires_first_name ... 
2026-09-09 17:27:23,582 33 INFO sf_rc_validation odoo.addons.sports_federation_portal.tests.test_player_portal_access: Starting TestPlayerPortalAccess.test_portal_create_player_requires_last_name ... 
2026-09-09 17:27:23,589 33 INFO sf_rc_validation odoo.addons.sports_federation_portal.tests.test_player_portal_access: Starting TestPlayerPortalAccess.test_portal_create_player_success ... 
2026-09-09 17:27:23,710 33 INFO sf_rc_validation odoo.addons.base.models.ir_attachment: filestore gc 0 checked, 0 removed 
2026-09-09 17:27:23,925 33 INFO sf_rc_validation odoo.addons.sports_federation_portal.tests.test_portal_access_denied: Starting TestPortalAccessDenied.test_portal_403_template_is_registered ... 
2026-09-09 17:27:23,943 33 INFO sf_rc_validation odoo.addons.sports_federation_portal.tests.test_portal_access_denied: Starting TestPortalAccessDenied.test_portal_ownership_guard_still_raises_access_error_at_model_level ... 
2026-09-09 17:27:23,946 33 INFO sf_rc_validation odoo.addons.sports_federation_portal.tests.test_portal_access_denied: Starting TestPortalAccessDenied.test_render_access_denied_method_exists_on_officiating_controller ... 
2026-09-09 17:27:23,947 33 INFO sf_rc_validation odoo.addons.sports_federation_portal.tests.test_portal_access_denied: Starting TestPortalAccessDenied.test_render_access_denied_method_exists_on_portal_base ... 
2026-09-09 17:27:24,062 33 INFO sf_rc_validation odoo.addons.base.models.ir_attachment: filestore gc 0 checked, 0 removed 
2026-09-09 17:27:24,276 33 INFO sf_rc_validation odoo.addons.sports_federation_portal.tests.test_portal_ownership_guard: Starting TestPortalOwnershipGuard.test_assert_portal_owns_passes_for_own_record ... 
2026-09-09 17:27:24,295 33 INFO sf_rc_validation odoo.addons.sports_federation_portal.tests.test_portal_ownership_guard: Starting TestPortalOwnershipGuard.test_assert_portal_owns_raises_for_cross_club_record ... 
2026-09-09 17:27:24,303 33 INFO sf_rc_validation odoo.addons.sports_federation_portal.tests.test_portal_ownership_guard: Starting TestPortalOwnershipGuard.test_portal_assert_registration_access_blocks_cross_club ... 
2026-09-09 17:27:24,311 33 INFO sf_rc_validation odoo.addons.sports_federation_portal.tests.test_portal_ownership_guard: Starting TestPortalOwnershipGuard.test_portal_assert_registration_access_passes_for_own_registration ... 
2026-09-09 17:27:24,317 33 INFO sf_rc_validation odoo.addons.sports_federation_portal.tests.test_portal_ownership_guard: Starting TestPortalOwnershipGuard.test_portal_assert_scope_access_blocks_cross_club ... 
2026-09-09 17:27:24,324 33 INFO sf_rc_validation odoo.addons.sports_federation_portal.tests.test_portal_ownership_guard: Starting TestPortalOwnershipGuard.test_portal_assert_scope_access_passes_for_own_roster ... 
2026-09-09 17:27:24,327 33 INFO sf_rc_validation odoo.addons.sports_federation_portal.tests.test_portal_ownership_guard: Starting TestPortalOwnershipGuard.test_portal_call_requires_explicit_scope_domain ... 
2026-09-09 17:27:24,332 33 INFO sf_rc_validation odoo.addons.sports_federation_portal.tests.test_portal_ownership_guard: Starting TestPortalOwnershipGuard.test_portal_search_by_id_blocks_cross_club_registration ... 
2026-09-09 17:27:24,335 33 INFO sf_rc_validation odoo.addons.sports_federation_portal.tests.test_portal_ownership_guard: Starting TestPortalOwnershipGuard.test_portal_search_by_id_blocks_cross_club_roster ... 
2026-09-09 17:27:24,338 33 INFO sf_rc_validation odoo.addons.sports_federation_portal.tests.test_portal_ownership_guard: Starting TestPortalOwnershipGuard.test_portal_write_requires_explicit_scope_domain ... 
2026-09-09 17:27:24,344 33 INFO sf_rc_validation odoo.addons.sports_federation_portal.tests.test_portal_ownership_guard: Starting TestPortalOwnershipGuard.test_user_with_no_club_scope_gets_false_domain ... 
2026-09-09 17:27:24,521 33 INFO sf_rc_validation odoo.addons.base.models.ir_attachment: filestore gc 0 checked, 0 removed 
2026-09-09 17:27:24,522 33 INFO sf_rc_validation odoo.addons.sports_federation_portal.tests.test_production_security_matrix: Starting TestProductionSecurityMatrix.test_mutating_portal_routes_declare_post_and_csrf ... 
2026-09-09 17:27:24,524 33 INFO sf_rc_validation odoo.addons.sports_federation_portal.tests.test_production_security_matrix: Starting TestProductionSecurityMatrix.test_portal_privilege_requires_explicit_scope ... 
2026-09-09 17:27:24,524 33 INFO sf_rc_validation odoo.addons.sports_federation_portal.tests.test_production_security_matrix: Starting TestProductionSecurityMatrix.test_qol_bulk_routes_require_manager_group ... 
2026-09-09 17:27:24,636 33 INFO sf_rc_validation odoo.addons.base.models.ir_attachment: filestore gc 0 checked, 0 removed 
2026-09-09 17:27:24,637 33 INFO sf_rc_validation odoo.addons.sports_federation_portal.tests.test_qol: Starting TestPortalQoL.test_task_assignment_never_widens_club_scope ... 
2026-09-09 17:27:24,796 33 INFO sf_rc_validation odoo.addons.sports_federation_portal.tests.test_qol: Starting TestPortalQoL.test_task_bucket_marks_near_deadline ... 
2026-09-09 17:27:24,913 33 INFO sf_rc_validation odoo.addons.base.models.ir_attachment: filestore gc 1 checked, 1 removed 
2026-09-09 17:27:24,914 33 INFO sf_rc_validation odoo.addons.sports_federation_portal.tests.test_qol_search: Starting TestQolSearch.test_search_returns_typed_direct_links ... 
2026-09-09 17:27:24,959 33 INFO sf_rc_validation odoo.addons.sports_federation_portal.tests.test_qol_search: Starting TestQolSearch.test_short_queries_return_no_results ... 
2026-09-09 17:27:25,067 33 INFO sf_rc_validation odoo.addons.base.models.ir_attachment: filestore gc 0 checked, 0 removed 
2026-09-09 17:27:25,316 33 INFO sf_rc_validation odoo.addons.sports_federation_portal.tests.test_result_portal_access: Starting TestResultPortalAccess.test_access_assertion_away_club ... 
2026-09-09 17:27:25,329 33 INFO sf_rc_validation odoo.addons.sports_federation_portal.tests.test_result_portal_access: Starting TestResultPortalAccess.test_access_assertion_home_club ... 
2026-09-09 17:27:25,333 33 INFO sf_rc_validation odoo.addons.sports_federation_portal.tests.test_result_portal_access: Starting TestResultPortalAccess.test_access_assertion_unrelated_club_denied ... 
2026-09-09 17:27:25,416 33 INFO sf_rc_validation odoo.addons.sports_federation_portal.tests.test_result_portal_access: Starting TestResultPortalAccess.test_approve_requires_verified_state ... 
2026-09-09 17:27:25,428 33 INFO sf_rc_validation odoo.addons.sports_federation_portal.tests.test_result_portal_access: Starting TestResultPortalAccess.test_approve_verified_result_transitions_to_approved ... 
2026-09-09 17:27:25,455 33 INFO sf_rc_validation odoo.addons.sports_federation_portal.tests.test_result_portal_access: Starting TestResultPortalAccess.test_contest_draft_result_raises ... 
2026-09-09 17:27:25,463 33 INFO sf_rc_validation odoo.addons.sports_federation_portal.tests.test_result_portal_access: Starting TestResultPortalAccess.test_contest_requires_reason ... 
2026-09-09 17:27:25,470 33 INFO sf_rc_validation odoo.addons.sports_federation_portal.tests.test_result_portal_access: Starting TestResultPortalAccess.test_contest_submitted_result_with_reason_transitions_to_contested ... 
2026-09-09 17:27:25,495 33 INFO sf_rc_validation odoo.addons.sports_federation_portal.tests.test_result_portal_access: Starting TestResultPortalAccess.test_contest_verified_result_transitions_to_contested ... 
2026-09-09 17:27:25,518 33 INFO sf_rc_validation odoo.addons.sports_federation_portal.tests.test_result_portal_access: Starting TestResultPortalAccess.test_no_results_when_state_is_draft ... 
2026-09-09 17:27:25,522 33 INFO sf_rc_validation odoo.addons.sports_federation_portal.tests.test_result_portal_access: Starting TestResultPortalAccess.test_no_scope_domain_returns_empty_domain ... 
2026-09-09 17:27:25,591 33 INFO sf_rc_validation odoo.addons.sports_federation_portal.tests.test_result_portal_access: Starting TestResultPortalAccess.test_result_command_rejects_unrelated_club_actor ... 
2026-09-09 17:27:25,681 33 INFO sf_rc_validation odoo.addons.sports_federation_portal.tests.test_result_portal_access: Starting TestResultPortalAccess.test_result_not_visible_to_unrelated_club_rep ... 
2026-09-09 17:27:25,764 33 INFO sf_rc_validation odoo.addons.sports_federation_portal.tests.test_result_portal_access: Starting TestResultPortalAccess.test_submitted_result_visible_to_away_club_rep ... 
2026-09-09 17:27:25,769 33 INFO sf_rc_validation odoo.addons.sports_federation_portal.tests.test_result_portal_access: Starting TestResultPortalAccess.test_submitted_result_visible_to_home_club_rep ... 
2026-09-09 17:27:25,884 33 INFO sf_rc_validation odoo.addons.base.models.ir_attachment: filestore gc 0 checked, 0 removed 
2026-09-09 17:27:26,284 33 INFO sf_rc_validation odoo.addons.sports_federation_portal.tests.test_roster_portal_access: Starting TestRosterPortalAccess.test_inactive_representative_loses_current_match_day_scope ... 
2026-09-09 17:27:26,323 33 INFO sf_rc_validation odoo.addons.sports_federation_portal.tests.test_roster_portal_access: Starting TestRosterPortalAccess.test_portal_license_picker_and_submission_share_scope_domain ... 
2026-09-09 17:27:26,368 33 INFO sf_rc_validation odoo.addons.sports_federation_portal.tests.test_roster_portal_access: Starting TestRosterPortalAccess.test_portal_player_picker_excludes_players_already_on_roster ... 
2026-09-09 17:27:26,393 33 INFO sf_rc_validation odoo.addons.sports_federation_portal.tests.test_roster_portal_access: Starting TestRosterPortalAccess.test_portal_player_picker_filters_by_team_gender ... 
2026-09-09 17:27:26,441 33 INFO sf_rc_validation odoo.addons.sports_federation_portal.tests.test_roster_portal_access: Starting TestRosterPortalAccess.test_portal_player_picker_stays_within_query_budget ... 
2026-09-09 17:27:26,449 33 INFO sf_rc_validation odoo.addons.sports_federation_portal.tests.test_roster_portal_access: Starting TestRosterPortalAccess.test_portal_update_preparation_links_roster ... 
2026-09-09 17:27:26,470 33 INFO sf_rc_validation odoo.addons.sports_federation_portal.tests.test_roster_portal_access: Starting TestRosterPortalAccess.test_portal_update_preparation_rejects_foreign_team_roster ... 
2026-09-09 17:27:26,490 33 INFO sf_rc_validation odoo.addons.sports_federation_portal.tests.test_roster_portal_access: Starting TestRosterPortalAccess.test_portal_user_can_create_roster_for_confirmed_registration ... 
2026-09-09 17:27:26,524 33 INFO sf_rc_validation odoo.addons.sports_federation_portal.tests.test_roster_portal_access: Starting TestRosterPortalAccess.test_portal_user_can_manage_owned_roster_with_portal_helpers ... 
2026-09-09 17:27:26,563 33 INFO sf_rc_validation odoo.models.unlink: User #791 deleted federation.team.roster.line records with IDs: [131] 
2026-09-09 17:27:26,566 33 INFO sf_rc_validation odoo.addons.sports_federation_portal.tests.test_roster_portal_access: Starting TestRosterPortalAccess.test_portal_user_can_reopen_closed_roster_with_helper ... 
2026-09-09 17:27:26,589 33 INFO sf_rc_validation odoo.addons.sports_federation_portal.tests.test_roster_portal_access: Starting TestRosterPortalAccess.test_portal_user_cannot_create_roster_without_confirmation_or_for_other_club ... 
2026-09-09 17:27:26,618 33 INFO sf_rc_validation odoo.addons.sports_federation_portal.tests.test_roster_portal_access: Starting TestRosterPortalAccess.test_portal_user_cannot_modify_roster_records ... 
2026-09-09 17:27:26,633 33 INFO sf_rc_validation odoo.addons.base.models.ir_model: Access Denied by ACLs for operation: write, uid: 791, model: federation.team.roster 
2026-09-09 17:27:26,642 33 INFO sf_rc_validation odoo.addons.base.models.ir_model: Access Denied by ACLs for operation: write, uid: 791, model: federation.match.sheet 
2026-09-09 17:27:26,645 33 INFO sf_rc_validation odoo.addons.sports_federation_portal.tests.test_roster_portal_access: Starting TestRosterPortalAccess.test_portal_user_cannot_reopen_non_closed_roster ... 
2026-09-09 17:27:26,654 33 INFO sf_rc_validation odoo.addons.sports_federation_portal.tests.test_roster_portal_access: Starting TestRosterPortalAccess.test_portal_user_only_sees_own_rosters_match_sheets_and_audit ... 
2026-09-09 17:27:26,674 33 INFO sf_rc_validation odoo.addons.sports_federation_portal.tests.test_roster_portal_access: Starting TestRosterPortalAccess.test_team_scoped_coach_can_prepare_and_submit_assigned_sheet ... 
2026-09-09 17:27:26,701 33 INFO sf_rc_validation odoo.addons.sports_federation_portal.tests.test_roster_portal_access: Starting TestRosterPortalAccess.test_team_scoped_coach_cannot_manage_same_club_other_team_roster ... 
2026-09-09 17:27:26,709 33 INFO sf_rc_validation odoo.addons.sports_federation_portal.tests.test_roster_portal_access: Starting TestRosterPortalAccess.test_team_scoped_coach_only_sees_assigned_team_records ... 
2026-09-09 17:27:26,726 33 INFO sf_rc_validation odoo.addons.sports_federation_portal.tests.test_roster_portal_access: Starting TestRosterPortalAccess.test_team_scoped_coach_reuses_primary_roster_only_for_assigned_team ... 
2026-09-09 17:27:26,844 33 INFO sf_rc_validation odoo.addons.base.models.ir_attachment: filestore gc 0 checked, 0 removed 
2026-09-09 17:27:26,975 33 INFO sf_rc_validation odoo.addons.sports_federation_portal.tests.test_season_registration: Starting TestSeasonRegistrationOwnership.test_portal_submit_registration_request_blocks_unowned_team ... 
2026-09-09 17:27:26,990 33 INFO sf_rc_validation odoo.addons.sports_federation_portal.tests.test_season_registration: Starting TestSeasonRegistrationOwnership.test_portal_submit_registration_request_uses_service_boundary ... 
2026-09-09 17:27:27,016 33 INFO sf_rc_validation odoo.addons.sports_federation_portal.tests.test_season_registration: Starting TestSeasonRegistrationOwnership.test_portal_user_can_create_owned_season_registration ... 
2026-09-09 17:27:27,046 33 INFO sf_rc_validation odoo.addons.sports_federation_portal.tests.test_season_registration: Starting TestSeasonRegistrationOwnership.test_portal_user_cannot_create_other_club_registration ... 
2026-09-09 17:27:27,061 33 INFO sf_rc_validation odoo.addons.sports_federation_portal.tests.test_season_registration: Starting TestSeasonRegistrationOwnership.test_submitted_registration_can_be_confirmed_by_staff ... 
2026-09-09 17:27:27,200 33 INFO sf_rc_validation odoo.addons.base.models.ir_attachment: filestore gc 0 checked, 0 removed 
2026-09-09 17:27:27,317 33 INFO sf_rc_validation odoo.addons.sports_federation_portal.tests.test_team_portal_access: Starting TestTeamPortalAccess.test_portal_create_team_blocks_other_club ... 
2026-09-09 17:27:27,332 33 INFO sf_rc_validation odoo.addons.sports_federation_portal.tests.test_team_portal_access: Starting TestTeamPortalAccess.test_portal_create_team_preserves_request_user ... 
2026-09-09 17:27:27,456 33 INFO sf_rc_validation odoo.addons.base.models.ir_attachment: filestore gc 0 checked, 0 removed 
2026-09-09 17:27:27,457 33 INFO sf_rc_validation odoo.modules.loading: Module sports_federation_portal loaded in 6.26s (incl. 5.28s test), 1300 queries (+4796 test, +1300 other) 
2026-09-09 17:27:27,457 33 INFO sf_rc_validation odoo.modules.loading: Loading module sports_federation_compliance (63/67) 
2026-09-09 17:27:27,473 33 INFO sf_rc_validation odoo.registry: module sports_federation_compliance: creating or updating database tables 
2026-09-09 17:27:27,530 33 INFO sf_rc_validation odoo.modules.loading: loading sports_federation_compliance/security/ir.model.access.csv 
2026-09-09 17:27:27,541 33 INFO sf_rc_validation odoo.modules.loading: loading sports_federation_compliance/views/document_requirement_views.xml 
2026-09-09 17:27:27,571 33 INFO sf_rc_validation odoo.modules.loading: loading sports_federation_compliance/views/document_submission_views.xml 
2026-09-09 17:27:27,594 33 INFO sf_rc_validation odoo.modules.loading: loading sports_federation_compliance/views/compliance_check_views.xml 
2026-09-09 17:27:27,618 33 INFO sf_rc_validation odoo.modules.loading: loading sports_federation_compliance/views/compliance_archive_views.xml 
2026-09-09 17:27:27,645 33 INFO sf_rc_validation odoo.modules.loading: loading sports_federation_compliance/views/portal_compliance_templates.xml 
2026-09-09 17:27:27,673 33 INFO sf_rc_validation odoo.modules.loading: loading sports_federation_compliance/views/menu_views.xml 
2026-09-09 17:27:27,880 33 INFO sf_rc_validation odoo.addons.sports_federation_compliance.tests.test_compliance: Starting TestCompliance.test_check_detects_expired_document ... 
2026-09-09 17:27:27,923 33 INFO sf_rc_validation odoo.addons.sports_federation_compliance.tests.test_compliance: Starting TestCompliance.test_check_detects_missing_document ... 
2026-09-09 17:27:27,942 33 INFO sf_rc_validation odoo.addons.sports_federation_compliance.tests.test_compliance: Starting TestCompliance.test_check_detects_valid_approved_document ... 
2026-09-09 17:27:27,976 33 INFO sf_rc_validation odoo.addons.sports_federation_compliance.tests.test_compliance: Starting TestCompliance.test_check_single_target ... 
2026-09-09 17:27:27,980 33 INFO sf_rc_validation odoo.addons.sports_federation_compliance.tests.test_compliance: Starting TestCompliance.test_compliance_check_history_archives_status_changes ... 
2026-09-09 17:27:28,017 33 INFO sf_rc_validation odoo.addons.sports_federation_compliance.tests.test_compliance: Starting TestCompliance.test_create_requirement ... 
2026-09-09 17:27:28,019 33 INFO sf_rc_validation odoo.addons.sports_federation_compliance.tests.test_compliance: Starting TestCompliance.test_is_expired_helper ... 
2026-09-09 17:27:28,036 33 INFO sf_rc_validation odoo.addons.sports_federation_compliance.tests.test_compliance: Starting TestCompliance.test_portal_prepare_submission_blocks_unowned_targets ... 
2026-09-09 17:27:28,049 33 INFO sf_rc_validation odoo.addons.sports_federation_compliance.tests.test_compliance: Starting TestCompliance.test_portal_prepare_submission_uses_requesting_user ... 
2026-09-09 17:27:28,080 33 INFO sf_rc_validation odoo.addons.sports_federation_compliance.tests.test_compliance: Starting TestCompliance.test_portal_submit_submission_creates_attachments_and_submits ... 
2026-09-09 17:27:28,118 33 INFO sf_rc_validation odoo.addons.sports_federation_compliance.tests.test_compliance: Starting TestCompliance.test_portal_submit_submission_dedupes_duplicate_attachments ... 
2026-09-09 17:27:28,156 33 INFO sf_rc_validation odoo.addons.sports_federation_compliance.tests.test_compliance: Starting TestCompliance.test_portal_submit_submission_rejects_attachment_that_fails_malware_scan ... 
2026-09-09 17:27:28,175 33 INFO sf_rc_validation odoo.addons.sports_federation_compliance.tests.test_compliance: Starting TestCompliance.test_portal_submit_submission_rejects_disallowed_attachment_type ... 
2026-09-09 17:27:28,194 33 INFO sf_rc_validation odoo.addons.sports_federation_compliance.tests.test_compliance: Starting TestCompliance.test_portal_submit_submission_rejects_oversized_attachment ... 
2026-09-09 17:27:28,220 33 INFO sf_rc_validation odoo.addons.sports_federation_compliance.tests.test_compliance: Starting TestCompliance.test_portal_submit_submission_requires_attachment ... 
2026-09-09 17:27:28,239 33 INFO sf_rc_validation odoo.addons.sports_federation_compliance.tests.test_compliance: Starting TestCompliance.test_portal_workspace_entries_follow_club_and_referee_scope ... 
2026-09-09 17:27:28,255 33 INFO sf_rc_validation odoo.addons.sports_federation_compliance.tests.test_compliance: Starting TestCompliance.test_portal_workspace_entry_lookup_resolves_club_detail_entry ... 
2026-09-09 17:27:28,262 33 INFO sf_rc_validation odoo.addons.sports_federation_compliance.tests.test_compliance: Starting TestCompliance.test_requirement_unique_code_target ... 
2026-09-09 17:27:28,265 33 INFO sf_rc_validation odoo.addons.sports_federation_compliance.tests.test_compliance: Starting TestCompliance.test_shared_target_field_resolver_is_consistent ... 
2026-09-09 17:27:28,266 33 INFO sf_rc_validation odoo.addons.sports_federation_compliance.tests.test_compliance: Starting TestCompliance.test_shared_target_record_resolution_sets_display ... 
2026-09-09 17:27:28,283 33 INFO sf_rc_validation odoo.addons.sports_federation_compliance.tests.test_compliance: Starting TestCompliance.test_submission_date_validation ... 
2026-09-09 17:27:28,287 33 INFO sf_rc_validation odoo.addons.sports_federation_compliance.tests.test_compliance: Starting TestCompliance.test_submission_reject ... 
2026-09-09 17:27:28,316 33 INFO sf_rc_validation odoo.addons.sports_federation_compliance.tests.test_compliance: Starting TestCompliance.test_submission_request_replacement ... 
2026-09-09 17:27:28,349 33 INFO sf_rc_validation odoo.addons.sports_federation_compliance.tests.test_compliance: Starting TestCompliance.test_submission_requires_single_target ... 
2026-09-09 17:27:28,355 33 INFO sf_rc_validation odoo.addons.sports_federation_compliance.tests.test_compliance: Starting TestCompliance.test_submission_target_matches_requirement_model ... 
2026-09-09 17:27:28,368 33 INFO sf_rc_validation odoo.addons.sports_federation_compliance.tests.test_compliance: Starting TestCompliance.test_submission_workflow ... 
2026-09-09 17:27:28,396 33 INFO sf_rc_validation odoo.addons.sports_federation_compliance.tests.test_compliance: Starting TestCompliance.test_target_entity_label_returns_correct_name ... 
2026-09-09 17:27:28,525 33 INFO sf_rc_validation odoo.addons.base.models.ir_attachment: filestore gc 2 checked, 2 removed 
2026-09-09 17:27:28,564 33 INFO sf_rc_validation odoo.addons.sports_federation_compliance.tests.test_tour_compliance: Starting TestTourCompliance.test_compliance_full_lifecycle ... 
2026-09-09 17:27:28,724 33 INFO sf_rc_validation odoo.addons.base.models.ir_attachment: filestore gc 0 checked, 0 removed 
2026-09-09 17:27:28,724 33 INFO sf_rc_validation odoo.modules.loading: Module sports_federation_compliance loaded in 1.27s (incl. 1.01s test), 317 queries (+1170 test, +317 other) 
2026-09-09 17:27:28,724 33 INFO sf_rc_validation odoo.modules.loading: Loading module sports_federation_finance_bridge (64/67) 
2026-09-09 17:27:28,746 33 INFO sf_rc_validation odoo.registry: module sports_federation_finance_bridge: creating or updating database tables 
2026-09-09 17:27:28,825 33 INFO sf_rc_validation odoo.modules.loading: loading sports_federation_finance_bridge/security/ir.model.access.csv 
2026-09-09 17:27:28,837 33 INFO sf_rc_validation odoo.modules.loading: loading sports_federation_finance_bridge/data/fee_type_data.xml 
2026-09-09 17:27:28,839 33 INFO sf_rc_validation odoo.modules.loading: loading sports_federation_finance_bridge/views/fee_type_views.xml 
2026-09-09 17:27:28,868 33 INFO sf_rc_validation odoo.modules.loading: loading sports_federation_finance_bridge/views/fee_schedule_views.xml 
2026-09-09 17:27:28,889 33 INFO sf_rc_validation odoo.modules.loading: loading sports_federation_finance_bridge/views/finance_event_views.xml 
2026-09-09 17:27:28,919 33 INFO sf_rc_validation odoo.modules.loading: loading sports_federation_finance_bridge/views/federation_match_finance_views.xml 
2026-09-09 17:27:28,954 33 INFO sf_rc_validation odoo.modules.loading: loading sports_federation_finance_bridge/views/season_budget_views.xml 
2026-09-09 17:27:28,981 33 INFO sf_rc_validation odoo.modules.loading: loading sports_federation_finance_bridge/views/menu_views.xml 
2026-09-09 17:27:29,056 33 INFO sf_rc_validation odoo.addons.sports_federation_finance_bridge.tests.test_finance_bridge: Starting TestFinanceBridge.test_cancel_from_confirmed ... 
2026-09-09 17:27:29,069 33 INFO sf_rc_validation odoo.addons.sports_federation_finance_bridge.tests.test_finance_bridge: Starting TestFinanceBridge.test_cancel_from_draft ... 
2026-09-09 17:27:29,083 33 INFO sf_rc_validation odoo.addons.sports_federation_finance_bridge.tests.test_finance_bridge: Starting TestFinanceBridge.test_create_fee_type ... 
2026-09-09 17:27:29,086 33 INFO sf_rc_validation odoo.addons.sports_federation_finance_bridge.tests.test_finance_bridge: Starting TestFinanceBridge.test_create_finance_event_directly ... 
2026-09-09 17:27:29,098 33 INFO sf_rc_validation odoo.addons.sports_federation_finance_bridge.tests.test_finance_bridge: Starting TestFinanceBridge.test_create_finance_event_from_source ... 
2026-09-09 17:27:29,112 33 INFO sf_rc_validation odoo.addons.sports_federation_finance_bridge.tests.test_finance_bridge: Starting TestFinanceBridge.test_ensure_finance_event_from_source_is_idempotent ... 
2026-09-09 17:27:29,127 33 INFO sf_rc_validation odoo.addons.sports_federation_finance_bridge.tests.test_finance_bridge: Starting TestFinanceBridge.test_finance_event_amount_validation ... 
2026-09-09 17:27:29,134 33 INFO sf_rc_validation odoo.addons.sports_federation_finance_bridge.tests.test_finance_bridge: Starting TestFinanceBridge.test_finance_event_infers_season_from_source_record ... 
2026-09-09 17:27:29,164 33 INFO sf_rc_validation odoo.addons.sports_federation_finance_bridge.tests.test_finance_bridge: Starting TestFinanceBridge.test_handoff_export_batch_paginates_with_stable_cursor ... 
2026-09-09 17:27:29,189 33 INFO sf_rc_validation odoo.addons.sports_federation_finance_bridge.tests.test_finance_bridge: Starting TestFinanceBridge.test_handoff_export_batch_rejects_invalid_cursor ... 
2026-09-09 17:27:29,191 33 INFO sf_rc_validation odoo.addons.sports_federation_finance_bridge.tests.test_finance_bridge: Starting TestFinanceBridge.test_handoff_export_batch_rejects_invalid_limit ... 
2026-09-09 17:27:29,194 33 INFO sf_rc_validation odoo.addons.sports_federation_finance_bridge.tests.test_finance_bridge: Starting TestFinanceBridge.test_handoff_export_limit_caps_requested_page_size ... 
2026-09-09 17:27:29,195 33 INFO sf_rc_validation odoo.addons.sports_federation_finance_bridge.tests.test_finance_bridge: Starting TestFinanceBridge.test_handoff_export_limit_defaults_when_unspecified ... 
2026-09-09 17:27:29,195 33 INFO sf_rc_validation odoo.addons.sports_federation_finance_bridge.tests.test_finance_bridge: Starting TestFinanceBridge.test_handoff_export_row_includes_contract_fields ... 
2026-09-09 17:27:29,209 33 INFO sf_rc_validation odoo.addons.sports_federation_finance_bridge.tests.test_finance_bridge: Starting TestFinanceBridge.test_reconciliation_requires_export_and_settlement ... 
2026-09-09 17:27:29,227 33 INFO sf_rc_validation odoo.addons.sports_federation_finance_bridge.tests.test_finance_bridge: Starting TestFinanceBridge.test_season_budget_tracks_actuals_and_variance ... 
2026-09-09 17:27:29,250 33 INFO sf_rc_validation odoo.addons.sports_federation_finance_bridge.tests.test_finance_bridge: Starting TestFinanceBridge.test_state_transitions ... 
2026-09-09 17:27:29,386 33 INFO sf_rc_validation odoo.addons.base.models.ir_attachment: filestore gc 0 checked, 0 removed 
2026-09-09 17:27:29,601 33 INFO sf_rc_validation odoo.addons.sports_federation_finance_bridge.tests.test_finance_hooks: Starting TestFinanceHooks.test_finance_event_created_on_result_approval ... 
2026-09-09 17:27:29,700 33 INFO sf_rc_validation odoo.addons.sports_federation_finance_bridge.tests.test_finance_hooks: Starting TestFinanceHooks.test_no_finance_event_without_fee_type ... 
2026-09-09 17:27:29,785 33 INFO sf_rc_validation odoo.addons.sports_federation_finance_bridge.tests.test_finance_hooks: Starting TestFinanceHooks.test_result_approval_reuses_existing_finance_event ... 
2026-09-09 17:27:29,911 33 INFO sf_rc_validation odoo.addons.sports_federation_finance_bridge.tests.test_finance_hooks: Starting TestFinanceHooks.test_result_approved_sets_official_standings ... 
2026-09-09 17:27:29,994 33 INFO sf_rc_validation odoo.addons.sports_federation_finance_bridge.tests.test_finance_hooks: Starting TestFinanceHooks.test_result_finance_events_compute ... 
2026-09-09 17:27:30,091 33 INFO sf_rc_validation odoo.addons.sports_federation_finance_bridge.tests.test_finance_hooks: Starting TestFinanceHooks.test_scheduling_match_with_venue_creates_automatic_venue_event ... 
2026-09-09 17:27:30,131 33 INFO sf_rc_validation odoo.addons.sports_federation_finance_bridge.tests.test_finance_hooks: Starting TestFinanceHooks.test_venue_finance_event_created ... 
2026-09-09 17:27:30,173 33 INFO sf_rc_validation odoo.addons.sports_federation_finance_bridge.tests.test_finance_hooks: Starting TestFinanceHooks.test_venue_finance_event_creates_fee_type_if_missing ... 
2026-09-09 17:27:30,210 33 INFO sf_rc_validation odoo.addons.sports_federation_finance_bridge.tests.test_finance_hooks: Starting TestFinanceHooks.test_venue_finance_event_fails_without_venue ... 
2026-09-09 17:27:30,246 33 INFO sf_rc_validation odoo.addons.sports_federation_finance_bridge.tests.test_finance_hooks: Starting TestFinanceHooks.test_venue_finance_event_helper_is_idempotent ... 
2026-09-09 17:27:30,406 33 INFO sf_rc_validation odoo.addons.base.models.ir_attachment: filestore gc 2 checked, 2 removed 
2026-09-09 17:27:30,497 33 INFO sf_rc_validation odoo.addons.sports_federation_finance_bridge.tests.test_referee_reimbursement: Starting TestRefereeReimbursementHooks.test_done_assignment_creates_reimbursement_event ... 
2026-09-09 17:27:30,519 33 INFO sf_rc_validation odoo.addons.sports_federation_finance_bridge.tests.test_referee_reimbursement: Starting TestRefereeReimbursementHooks.test_resetting_assignment_cancels_and_reuses_same_reimbursement_event ... 
2026-09-09 17:27:30,660 33 INFO sf_rc_validation odoo.addons.base.models.ir_attachment: filestore gc 0 checked, 0 removed 
2026-09-09 17:27:30,704 33 INFO sf_rc_validation odoo.addons.sports_federation_finance_bridge.tests.test_sanction_finance: Starting TestSanctionFinanceHooks.test_fine_amount_updates_existing_draft_event ... 
2026-09-09 17:27:30,720 33 INFO sf_rc_validation odoo.addons.sports_federation_finance_bridge.tests.test_sanction_finance: Starting TestSanctionFinanceHooks.test_fine_sanction_creates_finance_event ... 
2026-09-09 17:27:30,736 33 INFO sf_rc_validation odoo.addons.sports_federation_finance_bridge.tests.test_sanction_finance: Starting TestSanctionFinanceHooks.test_warning_sanction_creates_no_finance_event ... 
2026-09-09 17:27:30,852 33 INFO sf_rc_validation odoo.addons.base.models.ir_attachment: filestore gc 0 checked, 0 removed 
2026-09-09 17:27:30,900 33 INFO sf_rc_validation odoo.addons.sports_federation_finance_bridge.tests.test_season_registration_finance: Starting TestSeasonRegistrationFinance.test_confirm_creates_registration_finance_event ... 
2026-09-09 17:27:30,930 33 INFO sf_rc_validation odoo.addons.sports_federation_finance_bridge.tests.test_season_registration_finance: Starting TestSeasonRegistrationFinance.test_create_confirmed_registration_creates_finance_event ... 
2026-09-09 17:27:30,961 33 INFO sf_rc_validation odoo.addons.sports_federation_finance_bridge.tests.test_season_registration_finance: Starting TestSeasonRegistrationFinance.test_reconfirm_does_not_duplicate_registration_finance_event ... 
2026-09-09 17:27:31,103 33 INFO sf_rc_validation odoo.addons.base.models.ir_attachment: filestore gc 0 checked, 0 removed 
2026-09-09 17:27:31,149 33 INFO sf_rc_validation odoo.addons.sports_federation_finance_bridge.tests.test_tour_finance_lifecycle: Starting TestTourFinanceLifecycle.test_finance_event_full_lifecycle ... 
2026-09-09 17:27:31,276 33 INFO sf_rc_validation odoo.addons.base.models.ir_attachment: filestore gc 0 checked, 0 removed 
2026-09-09 17:27:31,316 33 INFO sf_rc_validation odoo.addons.sports_federation_finance_bridge.tests.test_workflow: Starting TestFeeSchedule.test_lookup_returns_false_when_no_row ... 
2026-09-09 17:27:31,319 33 INFO sf_rc_validation odoo.addons.sports_federation_finance_bridge.tests.test_workflow: Starting TestFeeSchedule.test_lookup_returns_scheduled_amount ... 
2026-09-09 17:27:31,324 33 INFO sf_rc_validation odoo.addons.sports_federation_finance_bridge.tests.test_workflow: Starting TestFeeSchedule.test_negative_amount_raises ... 
2026-09-09 17:27:31,329 33 INFO sf_rc_validation odoo.addons.sports_federation_finance_bridge.tests.test_workflow: Starting TestFeeSchedule.test_unique_constraint_prevents_duplicate ... 
2026-09-09 17:27:31,446 33 INFO sf_rc_validation odoo.addons.base.models.ir_attachment: filestore gc 0 checked, 0 removed 
2026-09-09 17:27:31,497 33 INFO sf_rc_validation odoo.addons.sports_federation_finance_bridge.tests.test_workflow: Starting TestRegistrationUsesSchedule.test_fallback_to_default_when_no_schedule ... 
2026-09-09 17:27:31,531 33 INFO sf_rc_validation odoo.addons.sports_federation_finance_bridge.tests.test_workflow: Starting TestRegistrationUsesSchedule.test_schedule_amount_used_when_row_exists ... 
2026-09-09 17:27:31,675 33 INFO sf_rc_validation odoo.addons.base.models.ir_attachment: filestore gc 0 checked, 0 removed 
2026-09-09 17:27:31,719 33 INFO sf_rc_validation odoo.addons.sports_federation_finance_bridge.tests.test_workflow: Starting TestCreateInvoice.test_batch_create_invoices_reports_validation_failures ... 
2026-09-09 17:27:31,737 33 INFO sf_rc_validation odoo.addons.sports_federation_finance_bridge.tests.test_workflow: Starting TestCreateInvoice.test_batch_create_invoices_returns_true_when_no_failures ... 
2026-09-09 17:27:31,750 33 INFO sf_rc_validation odoo.addons.sports_federation_finance_bridge.tests.test_workflow: Starting TestCreateInvoice.test_create_invoice_on_cancelled_raises ... 
2026-09-09 17:27:31,761 33 INFO sf_rc_validation odoo.addons.sports_federation_finance_bridge.tests.test_workflow: Starting TestCreateInvoice.test_create_invoice_skips_when_accounting_not_installed ... 
2026-09-09 17:27:31,772 33 INFO sf_rc_validation odoo.addons.sports_federation_finance_bridge.tests.test_workflow: Starting TestCreateInvoice.test_create_invoice_succeeds_when_accounting_installed ... 
2026-09-09 17:27:31,773 33 INFO sf_rc_validation odoo.addons.sports_federation_finance_bridge.tests.test_workflow: skipped TestCreateInvoice.test_create_invoice_succeeds_when_accounting_installed : account module not installed; skipping invoice creation test 
2026-09-09 17:27:31,773 33 INFO sf_rc_validation odoo.addons.sports_federation_finance_bridge.tests.test_workflow: Starting TestCreateInvoice.test_create_invoice_twice_raises ... 
2026-09-09 17:27:31,773 33 INFO sf_rc_validation odoo.addons.sports_federation_finance_bridge.tests.test_workflow: skipped TestCreateInvoice.test_create_invoice_twice_raises : account module not installed; skipping duplicate test 
2026-09-09 17:27:31,886 33 INFO sf_rc_validation odoo.addons.base.models.ir_attachment: filestore gc 0 checked, 0 removed 
2026-09-09 17:27:31,886 33 INFO sf_rc_validation odoo.modules.loading: Module sports_federation_finance_bridge loaded in 3.16s (incl. 2.85s test), 374 queries (+2363 test, +374 other) 
2026-09-09 17:27:31,886 33 INFO sf_rc_validation odoo.modules.loading: Loading module sports_federation_notifications (65/67) 
2026-09-09 17:27:31,900 33 INFO sf_rc_validation odoo.registry: module sports_federation_notifications: creating or updating database tables 
2026-09-09 17:27:31,947 33 INFO sf_rc_validation odoo.modules.loading: loading sports_federation_notifications/security/ir.model.access.csv 
2026-09-09 17:27:31,954 33 INFO sf_rc_validation odoo.modules.loading: loading sports_federation_notifications/data/mail_templates.xml 
2026-09-09 17:27:32,005 33 INFO sf_rc_validation odoo.modules.loading: loading sports_federation_notifications/data/ir_cron.xml 
2026-09-09 17:27:32,038 33 INFO sf_rc_validation odoo.modules.loading: loading sports_federation_notifications/views/notification_log_views.xml 
2026-09-09 17:27:32,069 33 INFO sf_rc_validation odoo.modules.loading: loading sports_federation_notifications/views/menu_views.xml 
2026-09-09 17:27:32,427 33 INFO sf_rc_validation odoo.addons.sports_federation_notifications.tests.test_notification_triggers: Starting TestNotificationTriggers.test_finance_event_confirm_creates_notification_log ... 
2026-09-09 17:27:32,457 33 INFO sf_rc_validation odoo.addons.sports_federation_notifications.tests.test_notification_triggers: Starting TestNotificationTriggers.test_participant_confirm_action_creates_notification_log ... 
2026-09-09 17:27:32,519 33 INFO sf_rc_validation odoo.addons.sports_federation_notifications.tests.test_notification_triggers: Starting TestNotificationTriggers.test_referee_assignment_create_creates_notification_log ... 
2026-09-09 17:27:32,553 33 INFO sf_rc_validation odoo.addons.sports_federation_notifications.tests.test_notification_triggers: Starting TestNotificationTriggers.test_result_approval_workflow_creates_result_logs ... 
2026-09-09 17:27:32,724 33 INFO sf_rc_validation odoo.addons.sports_federation_notifications.tests.test_notification_triggers: Starting TestNotificationTriggers.test_standing_freeze_creates_notification_log ... 
2026-09-09 17:27:32,761 33 INFO sf_rc_validation odoo.addons.sports_federation_notifications.tests.test_notification_triggers: Starting TestNotificationTriggers.test_tournament_published_write_creates_notification_log ... 
2026-09-09 17:27:32,910 33 INFO sf_rc_validation odoo.addons.base.models.ir_attachment: filestore gc 3 checked, 3 removed 
2026-09-09 17:27:32,949 33 INFO sf_rc_validation odoo.addons.sports_federation_notifications.tests.test_notifications: Starting TestNotifications.test_action_view_target_returns_act_window_for_match_log ... 
2026-09-09 17:27:32,991 33 INFO sf_rc_validation odoo.addons.sports_federation_notifications.tests.test_notifications: Starting TestNotifications.test_action_view_target_returns_false_when_no_target ... 
2026-09-09 17:27:33,122 33 INFO sf_rc_validation odoo.addons.sports_federation_notifications.tests.test_notifications: Starting TestNotifications.test_create_activity ... 
2026-09-09 17:27:33,202 33 INFO sf_rc_validation odoo.addons.sports_federation_notifications.tests.test_notifications: Starting TestNotifications.test_cron_method_runs_without_error ... 
2026-09-09 17:27:33,205 33 INFO sf_rc_validation odoo.addons.sports_federation_notifications.tests.test_notifications: Starting TestNotifications.test_log_creation ... 
2026-09-09 17:27:33,207 33 INFO sf_rc_validation odoo.addons.sports_federation_notifications.tests.test_notifications: Starting TestNotifications.test_missing_template_failure_is_typed_for_operators ... 
2026-09-09 17:27:33,209 33 INFO sf_rc_validation odoo.addons.sports_federation_notifications.tests.test_notifications: Starting TestNotifications.test_notification_log_retention_purges_old_sent_records ... 
2026-09-09 17:27:33,214 33 INFO sf_rc_validation odoo.models.unlink: User #1 deleted federation.notification.log records with IDs: [86] 
2026-09-09 17:27:33,216 33 INFO sf_rc_validation odoo.addons.sports_federation_notifications.tests.test_notifications: Starting TestNotifications.test_referee_shortage_alert_creates_notification_log ... 
2026-09-09 17:27:33,335 33 INFO sf_rc_validation odoo.addons.sports_federation_notifications.tests.test_notifications: Starting TestNotifications.test_season_registration_confirm_creates_notification_log ... 
2026-09-09 17:27:33,467 33 INFO sf_rc_validation odoo.addons.sports_federation_notifications.tests.test_notifications: Starting TestNotifications.test_send_email_template_creates_log ... 
2026-09-09 17:27:33,478 33 ERROR sf_rc_validation odoo.addons.sports_federation_notifications.models.notification_service: Notification email delivery failed for Test Email (correlation_id=09d140e9f53b) 
Traceback (most recent call last):
  File "/mnt/extra-addons/sports_federation_notifications/models/notification_service.py", line 97, in send_email_template
    template.send_mail(
  File "/usr/lib/python3/dist-packages/odoo/addons/mail/models/mail_template.py", line 688, in send_mail
    return self.send_mail_batch(
           ^^^^^^^^^^^^^^^^^^^^^
  File "/usr/lib/python3/dist-packages/odoo/addons/mail/models/mail_template.py", line 717, in send_mail_batch
    res_ids_values = self._generate_template(
                     ^^^^^^^^^^^^^^^^^^^^^^^^
  File "/usr/lib/python3/dist-packages/odoo/addons/mail/models/mail_template.py", line 605, in _generate_template
    for (template, template_res_ids) in self._classify_per_lang(res_ids).values():
                                        ^^^^^^^^^^^^^^^^^^^^^^^^^^^^^^^^
  File "/usr/lib/python3/dist-packages/odoo/addons/mail/models/mail_render_mixin.py", line 708, in _classify_per_lang
    for res_id, lang in self._render_lang(res_ids, engine=engine).items():
                        ^^^^^^^^^^^^^^^^^^^^^^^^^^^^^^^^^^^^^^^^^
  File "/usr/lib/python3/dist-packages/odoo/addons/mail/models/mail_render_mixin.py", line 684, in _render_lang
    rendered_langs[record.id] = partner.lang
                                ^^^^^^^^^^^^
  File "/usr/lib/python3/dist-packages/odoo/orm/fields.py", line 1712, in __get__
    raise MissingError("\n".join([
odoo.exceptions.MissingError: Record does not exist or has been deleted.
(Record: res.partner(376,), User: 1)
2026-09-09 17:27:33,480 33 INFO sf_rc_validation odoo.addons.sports_federation_notifications.tests.test_notifications: Starting TestNotifications.test_suspension_activation_creates_notification_log ... 
2026-09-09 17:27:33,624 33 INFO sf_rc_validation odoo.addons.base.models.ir_attachment: filestore gc 0 checked, 0 removed 
2026-09-09 17:27:33,625 33 INFO sf_rc_validation odoo.modules.loading: Module sports_federation_notifications loaded in 1.74s (incl. 1.51s test), 247 queries (+1537 test, +247 other) 
2026-09-09 17:27:33,625 33 INFO sf_rc_validation odoo.modules.loading: Loading module sports_federation_demo (66/67) 
2026-09-09 17:27:33,688 33 INFO sf_rc_validation odoo.addons.sports_federation_demo.tests.test_demo_data_pack: Starting TestDemoDataPack.test_demo_match_sheets_are_not_duplicated_by_match_creation_hook ... 
2026-09-09 17:27:33,689 33 INFO sf_rc_validation odoo.addons.sports_federation_demo.tests.test_demo_data_pack: skipped TestDemoDataPack.test_demo_match_sheets_are_not_duplicated_by_match_creation_hook : Demo data is disabled for this test database. 
2026-09-09 17:27:33,689 33 INFO sf_rc_validation odoo.addons.sports_federation_demo.tests.test_demo_data_pack: Starting TestDemoDataPack.test_demo_pack_covers_match_day_walkthrough ... 
2026-09-09 17:27:33,690 33 INFO sf_rc_validation odoo.addons.sports_federation_demo.tests.test_demo_data_pack: Starting TestDemoDataPack.test_demo_pack_has_expected_record_counts ... 
2026-09-09 17:27:33,690 33 INFO sf_rc_validation odoo.addons.sports_federation_demo.tests.test_demo_data_pack: Starting TestDemoDataPack.test_demo_pack_has_tournament_matches_and_standings ... 
2026-09-09 17:27:33,691 33 INFO sf_rc_validation odoo.addons.sports_federation_demo.tests.test_demo_data_pack: Starting TestDemoDataPack.test_demo_pack_uses_known_models_and_fields ... 
2026-09-09 17:27:33,811 33 INFO sf_rc_validation odoo.addons.base.models.ir_attachment: filestore gc 0 checked, 0 removed 
2026-09-09 17:27:33,811 33 INFO sf_rc_validation odoo.modules.loading: Module sports_federation_demo loaded in 0.19s (incl. 0.13s test), 12 queries (+18 test, +12 other) 
2026-09-09 17:27:33,811 33 INFO sf_rc_validation odoo.modules.loading: Loading module sports_federation_reporting (67/67) 
2026-09-09 17:27:33,838 33 INFO sf_rc_validation odoo.registry: module sports_federation_reporting: creating or updating database tables 
2026-09-09 17:27:34,029 33 INFO sf_rc_validation odoo.modules.loading: loading sports_federation_reporting/security/ir.model.access.csv 
2026-09-09 17:27:34,056 33 INFO sf_rc_validation odoo.modules.loading: loading sports_federation_reporting/data/report_schedule_cron.xml 
2026-09-09 17:27:34,059 33 INFO sf_rc_validation odoo.modules.loading: loading sports_federation_reporting/data/report_snapshot_cron.xml 
2026-09-09 17:27:34,060 33 INFO sf_rc_validation odoo.modules.loading: loading sports_federation_reporting/views/report_participation_views.xml 
2026-09-09 17:27:34,084 33 INFO sf_rc_validation odoo.modules.loading: loading sports_federation_reporting/views/report_officiating_views.xml 
2026-09-09 17:27:34,100 33 INFO sf_rc_validation odoo.modules.loading: loading sports_federation_reporting/views/report_compliance_views.xml 
2026-09-09 17:27:34,116 33 INFO sf_rc_validation odoo.modules.loading: loading sports_federation_reporting/views/report_finance_views.xml 
2026-09-09 17:27:34,131 33 INFO sf_rc_validation odoo.modules.loading: loading sports_federation_reporting/views/report_operational_views.xml 
2026-09-09 17:27:34,271 33 INFO sf_rc_validation odoo.modules.loading: loading sports_federation_reporting/views/operational_dashboard_views.xml 
2026-09-09 17:27:34,287 33 INFO sf_rc_validation odoo.modules.loading: loading sports_federation_reporting/views/report_operator_checklist_views.xml 
2026-09-09 17:27:34,303 33 INFO sf_rc_validation odoo.modules.loading: loading sports_federation_reporting/views/report_planning_views.xml 
2026-09-09 17:27:34,347 33 INFO sf_rc_validation odoo.modules.loading: loading sports_federation_reporting/views/report_audit_event_views.xml 
2026-09-09 17:27:34,380 33 INFO sf_rc_validation odoo.modules.loading: loading sports_federation_reporting/views/report_snapshot_views.xml 
2026-09-09 17:27:34,401 33 INFO sf_rc_validation odoo.modules.loading: loading sports_federation_reporting/views/report_schedule_views.xml 
2026-09-09 17:27:34,423 33 INFO sf_rc_validation odoo.modules.loading: loading sports_federation_reporting/views/report_club_compliance_summary_views.xml 
2026-09-09 17:27:34,439 33 INFO sf_rc_validation odoo.modules.loading: loading sports_federation_reporting/views/report_officiating_coverage_views.xml 
2026-09-09 17:27:34,456 33 INFO sf_rc_validation odoo.modules.loading: loading sports_federation_reporting/views/menu_views.xml 
2026-09-09 17:27:34,687 33 INFO sf_rc_validation odoo.addons.sports_federation_reporting.tests.test_kpi_csv: Starting TestKpiCsvExport.test_finance_csv_aggregates_amounts ... 
2026-09-09 17:27:34,697 33 INFO sf_rc_validation odoo.addons.sports_federation_reporting.tests.test_kpi_csv: Starting TestKpiCsvExport.test_finance_csv_has_header_row ... 
2026-09-09 17:27:34,699 33 INFO sf_rc_validation odoo.addons.sports_federation_reporting.tests.test_kpi_csv: Starting TestKpiCsvExport.test_finance_csv_includes_confirmed_and_draft_rows ... 
2026-09-09 17:27:34,700 33 INFO sf_rc_validation odoo.addons.sports_federation_reporting.tests.test_kpi_csv: Starting TestKpiCsvExport.test_participation_csv_has_header_row ... 
2026-09-09 17:27:34,705 33 INFO sf_rc_validation odoo.addons.sports_federation_reporting.tests.test_kpi_csv: Starting TestKpiCsvExport.test_participation_csv_includes_both_teams ... 
2026-09-09 17:27:34,709 33 INFO sf_rc_validation odoo.addons.sports_federation_reporting.tests.test_kpi_csv: Starting TestKpiCsvExport.test_participation_csv_no_season_is_empty ... 
2026-09-09 17:27:34,710 33 INFO sf_rc_validation odoo.addons.sports_federation_reporting.tests.test_kpi_csv: Starting TestKpiCsvExport.test_participation_csv_row_count_matches_participants ... 
2026-09-09 17:27:34,715 33 INFO sf_rc_validation odoo.addons.sports_federation_reporting.tests.test_kpi_csv: Starting TestKpiCsvExport.test_participation_csv_state_column ... 
2026-09-09 17:27:34,718 33 INFO sf_rc_validation odoo.addons.sports_federation_reporting.tests.test_kpi_csv: Starting TestKpiCsvExport.test_standings_csv_has_header_row ... 
2026-09-09 17:27:34,722 33 INFO sf_rc_validation odoo.addons.sports_federation_reporting.tests.test_kpi_csv: Starting TestKpiCsvExport.test_standings_csv_no_tournament_is_empty ... 
2026-09-09 17:27:34,723 33 INFO sf_rc_validation odoo.addons.sports_federation_reporting.tests.test_kpi_csv: Starting TestKpiCsvExport.test_standings_csv_row_count_matches_lines ... 
2026-09-09 17:27:34,728 33 INFO sf_rc_validation odoo.addons.sports_federation_reporting.tests.test_kpi_csv: Starting TestKpiCsvExport.test_standings_csv_team_names_present ... 
2026-09-09 17:27:34,731 33 INFO sf_rc_validation odoo.addons.sports_federation_reporting.tests.test_kpi_csv: Starting TestKpiCsvExport.test_standings_csv_winner_has_3_points ... 
2026-09-09 17:27:34,850 33 INFO sf_rc_validation odoo.addons.base.models.ir_attachment: filestore gc 0 checked, 0 removed 
2026-09-09 17:27:34,850 33 INFO sf_rc_validation odoo.addons.sports_federation_reporting.tests.test_operational_dashboard: Starting TestOperationalDashboard.test_dashboard_links_preserve_source_ownership ... 
2026-09-09 17:27:34,898 33 INFO sf_rc_validation odoo.addons.sports_federation_reporting.tests.test_operational_dashboard: Starting TestOperationalDashboard.test_failed_release_evidence_blocks_readiness ... 
2026-09-09 17:27:34,913 33 INFO sf_rc_validation odoo.addons.sports_federation_reporting.tests.test_operational_dashboard: Starting TestOperationalDashboard.test_missing_release_evidence_is_not_reported_as_ready ... 
2026-09-09 17:27:34,925 33 INFO sf_rc_validation odoo.addons.sports_federation_reporting.tests.test_operational_dashboard: Starting TestOperationalDashboard.test_release_evidence_link_uses_recorded_operator_url ... 
2026-09-09 17:27:34,938 33 INFO sf_rc_validation odoo.addons.sports_federation_reporting.tests.test_operational_dashboard: Starting TestOperationalDashboard.test_snapshot_aggregates_source_queues_without_persisting_copies ... 
2026-09-09 17:27:34,952 33 INFO sf_rc_validation odoo.addons.sports_federation_reporting.tests.test_operational_dashboard: Starting TestOperationalDashboard.test_stale_running_jobs_block_dashboard_health_without_mutation ... 
2026-09-09 17:27:35,078 33 INFO sf_rc_validation odoo.addons.base.models.ir_attachment: filestore gc 0 checked, 0 removed 
2026-09-09 17:27:35,251 33 INFO sf_rc_validation odoo.models.unlink: User #1 deleted mail.message records with IDs: [10250] 
2026-09-09 17:27:35,255 33 INFO sf_rc_validation odoo.models.unlink: User #1 deleted federation.finance.event records with IDs: [118] 
2026-09-09 17:27:35,314 33 INFO sf_rc_validation odoo.addons.sports_federation_reporting.tests.test_operational_reporting: Starting TestOperationalReporting.test_audit_event_reporting_surfaces_portal_and_token_rows ... 
2026-09-09 17:27:35,325 33 INFO sf_rc_validation odoo.addons.sports_federation_reporting.tests.test_operational_reporting: Starting TestOperationalReporting.test_audit_pack_includes_operational_queues ... 
2026-09-09 17:27:35,355 33 INFO sf_rc_validation odoo.addons.sports_federation_reporting.tests.test_operational_reporting: Starting TestOperationalReporting.test_compliance_remediation_queue_surfaces_expired_approved_submissions ... 
2026-09-09 17:27:35,455 33 INFO sf_rc_validation odoo.addons.sports_federation_reporting.tests.test_operational_reporting: Starting TestOperationalReporting.test_compliance_remediation_queue_surfaces_pending_submissions ... 
2026-09-09 17:27:35,543 33 INFO sf_rc_validation odoo.addons.sports_federation_reporting.tests.test_operational_reporting: Starting TestOperationalReporting.test_finance_exception_report_shows_missing_sanction_event ... 
2026-09-09 17:27:35,546 33 INFO sf_rc_validation odoo.addons.sports_federation_reporting.tests.test_operational_reporting: Starting TestOperationalReporting.test_finance_reconciliation_flags_open_items ... 
2026-09-09 17:27:35,549 33 INFO sf_rc_validation odoo.addons.sports_federation_reporting.tests.test_operational_reporting: Starting TestOperationalReporting.test_notification_exception_report_shows_failed_logs ... 
2026-09-09 17:27:35,551 33 INFO sf_rc_validation odoo.addons.sports_federation_reporting.tests.test_operational_reporting: Starting TestOperationalReporting.test_operational_report_surfaces_tournament_kpis ... 
2026-09-09 17:27:35,556 33 INFO sf_rc_validation odoo.addons.sports_federation_reporting.tests.test_operational_reporting: Starting TestOperationalReporting.test_operator_checklist_surfaces_inbound_delivery_failures ... 
2026-09-09 17:27:35,581 33 INFO sf_rc_validation odoo.addons.sports_federation_reporting.tests.test_operational_reporting: Starting TestOperationalReporting.test_report_schedule_generates_attachment ... 
2026-09-09 17:27:35,593 33 INFO sf_rc_validation odoo.addons.sports_federation_reporting.tests.test_operational_reporting: Starting TestOperationalReporting.test_report_schedule_registry_maps_each_type_to_builder_and_action ... 
2026-09-09 17:27:35,644 33 INFO sf_rc_validation odoo.addons.sports_federation_reporting.tests.test_operational_reporting: Starting TestOperationalReporting.test_report_schedule_retention_clears_old_generated_files ... 
2026-09-09 17:27:35,661 33 INFO sf_rc_validation odoo.models.unlink: User #1 deleted ir.attachment records with IDs: [5731] 
2026-09-09 17:27:35,664 33 INFO sf_rc_validation odoo.addons.sports_federation_reporting.tests.test_operational_reporting: Starting TestOperationalReporting.test_schedule_failures_are_persisted_and_visible_in_operator_checklist ... 
2026-09-09 17:27:35,666 33 ERROR sf_rc_validation odoo.addons.sports_federation_reporting.models.report_schedule: Scheduled report generation failed for Broken Workflow Export (workflow_exceptions) 
Traceback (most recent call last):
  File "/mnt/extra-addons/sports_federation_reporting/models/report_schedule.py", line 199, in _generate_single_report
    self._build_report_payload()
  File "<string>", line 3, in _build_report_payload
  File "/usr/lib/python3.12/unittest/mock.py", line 1134, in __call__
    return self._mock_call(*args, **kwargs)
           ^^^^^^^^^^^^^^^^^^^^^^^^^^^^^^^^
  File "/usr/lib/python3.12/unittest/mock.py", line 1138, in _mock_call
    return self._execute_mock_call(*args, **kwargs)
           ^^^^^^^^^^^^^^^^^^^^^^^^^^^^^^^^^^^^^^^^
  File "/usr/lib/python3.12/unittest/mock.py", line 1193, in _execute_mock_call
    raise effect
RuntimeError: Simulated schedule failure
2026-09-09 17:27:35,692 33 INFO sf_rc_validation odoo.addons.sports_federation_reporting.tests.test_operational_reporting: Starting TestOperationalReporting.test_season_checklist_flags_open_work_for_season ... 
2026-09-09 17:27:35,695 33 INFO sf_rc_validation odoo.addons.sports_federation_reporting.tests.test_operational_reporting: Starting TestOperationalReporting.test_snapshot_capture_and_board_pack_generation ... 
2026-09-09 17:27:35,726 33 INFO sf_rc_validation odoo.addons.sports_federation_reporting.tests.test_operational_reporting: Starting TestOperationalReporting.test_standing_reconciliation_flags_missing_participants ... 
2026-09-09 17:27:35,729 33 INFO sf_rc_validation odoo.addons.sports_federation_reporting.tests.test_operational_reporting: Starting TestOperationalReporting.test_workflow_exception_report_surfaces_stalled_result_and_override ... 
2026-09-09 17:27:35,735 33 INFO sf_rc_validation odoo.addons.sports_federation_reporting.tests.test_operational_reporting: Starting TestOperationalReporting.test_workflow_exception_schedule_generates_attachment ... 
2026-09-09 17:27:35,865 33 INFO sf_rc_validation odoo.addons.base.models.ir_attachment: filestore gc 5 checked, 5 removed 
2026-09-09 17:27:35,921 33 INFO sf_rc_validation odoo.addons.sports_federation_reporting.tests.test_report_reconciliation: Starting TestReportReconciliation.test_finance_reconciliation_surfaces_draft_events ... 
2026-09-09 17:27:35,934 33 INFO sf_rc_validation odoo.addons.sports_federation_reporting.tests.test_report_reconciliation: Starting TestReportReconciliation.test_finance_reconciliation_view_is_queryable ... 
2026-09-09 17:27:35,935 33 INFO sf_rc_validation odoo.addons.sports_federation_reporting.tests.test_report_reconciliation: Starting TestReportReconciliation.test_standing_reconciliation_detects_missing_standing ... 
2026-09-09 17:27:35,962 33 INFO sf_rc_validation odoo.addons.sports_federation_reporting.tests.test_report_reconciliation: Starting TestReportReconciliation.test_standing_reconciliation_note_set_on_mismatch ... 
2026-09-09 17:27:35,985 33 INFO sf_rc_validation odoo.addons.sports_federation_reporting.tests.test_report_reconciliation: Starting TestReportReconciliation.test_standing_reconciliation_view_is_queryable ... 
2026-09-09 17:27:36,099 33 INFO sf_rc_validation odoo.addons.base.models.ir_attachment: filestore gc 0 checked, 0 removed 
2026-09-09 17:27:36,136 33 INFO sf_rc_validation odoo.addons.sports_federation_reporting.tests.test_report_schedule_cron: Starting TestReportScheduleCron.test_failure_in_one_report_does_not_affect_another ... 
2026-09-09 17:27:36,139 33 ERROR sf_rc_validation odoo.addons.sports_federation_reporting.models.report_schedule: Scheduled report generation failed for Bad Schedule (operational) 
Traceback (most recent call last):
  File "/mnt/extra-addons/sports_federation_reporting/models/report_schedule.py", line 199, in _generate_single_report
    self._build_report_payload()
  File "/mnt/extra-addons/sports_federation_reporting/tests/test_report_schedule_cron.py", line 64, in _broken_build
    raise RuntimeError("Simulated builder failure")
RuntimeError: Simulated builder failure
2026-09-09 17:27:36,147 33 INFO sf_rc_validation odoo.addons.sports_federation_reporting.tests.test_report_schedule_cron: Starting TestReportScheduleCron.test_generate_finance_reconciliation_report_succeeds ... 
2026-09-09 17:27:36,155 33 INFO sf_rc_validation odoo.addons.sports_federation_reporting.tests.test_report_schedule_cron: Starting TestReportScheduleCron.test_generate_operational_report_succeeds ... 
2026-09-09 17:27:36,164 33 INFO sf_rc_validation odoo.addons.sports_federation_reporting.tests.test_report_schedule_cron: Starting TestReportScheduleCron.test_generate_standing_reconciliation_report_succeeds ... 
2026-09-09 17:27:36,173 33 INFO sf_rc_validation odoo.addons.sports_federation_reporting.tests.test_report_schedule_cron: Starting TestReportScheduleCron.test_generated_file_has_nonzero_bytes ... 
2026-09-09 17:27:36,181 33 INFO sf_rc_validation odoo.addons.sports_federation_reporting.tests.test_report_schedule_cron: Starting TestReportScheduleCron.test_last_run_on_is_set_after_success ... 
2026-09-09 17:27:36,304 33 INFO sf_rc_validation odoo.addons.base.models.ir_attachment: filestore gc 3 checked, 3 removed 
2026-09-09 17:27:36,305 33 INFO sf_rc_validation odoo.addons.sports_federation_reporting.tests.test_report_snapshot: Starting TestReportSnapshot.test_capture_snapshot_produces_expected_rows ... 
2026-09-09 17:27:36,347 33 INFO sf_rc_validation odoo.addons.sports_federation_reporting.tests.test_report_snapshot: Starting TestReportSnapshot.test_compliance_pending_total_uses_single_aggregate_query ... 
2026-09-09 17:27:36,467 33 INFO sf_rc_validation odoo.addons.base.models.ir_attachment: filestore gc 0 checked, 0 removed 
2026-09-09 17:27:36,545 33 INFO sf_rc_validation odoo.addons.sports_federation_reporting.tests.test_reporting: Starting TestReporting.test_compliance_report_aggregates_missing_check_for_club_model ... 
2026-09-09 17:27:36,551 33 INFO sf_rc_validation odoo.addons.sports_federation_reporting.tests.test_reporting: Starting TestReporting.test_compliance_report_exposes_expected_columns ... 
2026-09-09 17:27:36,552 33 INFO sf_rc_validation odoo.addons.sports_federation_reporting.tests.test_reporting: Starting TestReporting.test_finance_report_aggregates_draft_event_amount ... 
2026-09-09 17:27:36,554 33 INFO sf_rc_validation odoo.addons.sports_federation_reporting.tests.test_reporting: Starting TestReporting.test_finance_report_exposes_expected_columns ... 
2026-09-09 17:27:36,554 33 INFO sf_rc_validation odoo.addons.sports_federation_reporting.tests.test_reporting: Starting TestReporting.test_officiating_report_exposes_expected_columns ... 
2026-09-09 17:27:36,555 33 INFO sf_rc_validation odoo.addons.sports_federation_reporting.tests.test_reporting: Starting TestReporting.test_officiating_report_surfaces_referee_with_zero_assignments ... 
2026-09-09 17:27:36,557 33 INFO sf_rc_validation odoo.addons.sports_federation_reporting.tests.test_reporting: Starting TestReporting.test_participation_report_counts_team_and_player_for_active_season ... 
2026-09-09 17:27:36,559 33 INFO sf_rc_validation odoo.addons.sports_federation_reporting.tests.test_reporting: Starting TestReporting.test_participation_report_exposes_expected_columns ... 
2026-09-09 17:27:36,675 33 INFO sf_rc_validation odoo.addons.base.models.ir_attachment: filestore gc 0 checked, 0 removed 
2026-09-09 17:27:36,869 33 INFO sf_rc_validation odoo.addons.sports_federation_reporting.tests.test_year_four_reporting: Starting TestYearFourReporting.test_club_performance_report_surfaces_finance_and_compliance_status ... 
2026-09-09 17:27:36,895 33 INFO sf_rc_validation odoo.addons.sports_federation_reporting.tests.test_year_four_reporting: Starting TestYearFourReporting.test_season_portfolio_report_rolls_up_targets_and_budget ... 
2026-09-09 17:27:36,900 33 INFO sf_rc_validation odoo.addons.sports_federation_reporting.tests.test_year_four_reporting: Starting TestYearFourReporting.test_year_four_report_builders_stay_within_query_budget ... 
2026-09-09 17:27:36,923 33 INFO sf_rc_validation odoo.addons.sports_federation_reporting.tests.test_year_four_reporting: Query count less than expected for user __system__: 3 < 4 in test_year_four_report_builders_stay_within_query_budget at /mnt/extra-addons/sports_federation_reporting/tests/test_year_four_reporting.py:282 
2026-09-09 17:27:36,923 33 INFO sf_rc_validation odoo.addons.sports_federation_reporting.tests.test_year_four_reporting: Starting TestYearFourReporting.test_year_four_report_plan_watchpoints_capture_heavy_operators ... 
2026-09-09 17:27:36,930 33 INFO sf_rc_validation odoo.addons.sports_federation_reporting.tests.test_year_four_reporting: Starting TestYearFourReporting.test_year_four_report_schedules_generate_and_open ... 
2026-09-09 17:27:37,077 33 INFO sf_rc_validation odoo.addons.base.models.ir_attachment: filestore gc 2 checked, 2 removed 
2026-09-09 17:27:37,078 33 INFO sf_rc_validation odoo.modules.loading: Module sports_federation_reporting loaded in 3.27s (incl. 2.51s test), 1035 queries (+1806 test, +1035 other) 
2026-09-09 17:27:37,078 33 INFO sf_rc_validation odoo.modules.loading: 67 modules loaded in 49.00s, 10052 queries (+42367 extra) 
2026-09-09 17:27:37,384 33 INFO sf_rc_validation odoo.registry: verifying fields for every extended model 
2026-09-09 17:27:37,976 33 INFO sf_rc_validation odoo.modules.loading: Modules loaded. 
2026-09-09 17:27:37,988 33 INFO sf_rc_validation odoo.registry: Registry changed, signaling through the database 
2026-09-09 17:27:37,989 33 INFO sf_rc_validation odoo.registry: Registry loaded in 51.961s 
2026-09-09 17:27:37,989 33 INFO sf_rc_validation odoo.service.server: Starting post tests 
2026-09-09 17:27:38,001 33 INFO sf_rc_validation odoo.addons.base.models.ir_qweb: Pregenerating assets bundles 
2026-09-09 17:27:38,986 33 INFO sf_rc_validation odoo.addons.base.models.ir_qweb: JS Assets bundles generated in 0.9763355255126953 seconds 
2026-09-09 17:27:39,436 33 INFO sf_rc_validation odoo.addons.base.models.ir_qweb: CSS Assets bundles generated in 0.449984073638916 seconds 
2026-09-09 17:27:39,437 33 INFO sf_rc_validation odoo.addons.sports_federation_rules.tests.test_standings_rules: Starting TestStandingsRules.test_configured_tiebreak_order_and_reverse ... 
2026-09-09 17:27:39,456 33 INFO sf_rc_validation odoo.addons.sports_federation_rules.tests.test_standings_rules: Starting TestStandingsRules.test_explicit_points_override_defaults_including_zero ... 
2026-09-09 17:27:39,470 33 INFO sf_rc_validation odoo.addons.sports_federation_rules.tests.test_standings_rules: Starting TestStandingsRules.test_head_to_head_precedes_goal_difference ... 
2026-09-09 17:27:39,482 33 INFO sf_rc_validation odoo.addons.sports_federation_rules.tests.test_standings_rules: Starting TestStandingsRules.test_locked_rule_set_protects_children ... 
2026-09-09 17:27:39,496 33 INFO sf_rc_validation odoo.addons.base.models.ir_attachment: filestore gc 0 checked, 0 removed 
2026-09-09 17:27:39,523 33 INFO sf_rc_validation odoo.addons.sports_federation_competition_core.tests.test_competition_core: Starting TestCompetitionCore.test_invalid_lifecycle_is_rejected ... 
2026-09-09 17:27:39,526 33 INFO sf_rc_validation odoo.addons.sports_federation_competition_core.tests.test_competition_core: Starting TestCompetitionCore.test_role_assignment_is_unique ... 
2026-09-09 17:27:39,531 33 ERROR sf_rc_validation odoo.sql_db: bad query: b'INSERT INTO "federation_competition_role_assignment" ("active", "create_date", "create_uid", "edition_id", "role", "user_id", "write_date", "write_uid") VALUES (true, \'2026-09-09T17:27:39.497975\'::timestamp, 1, 58, \'schedule_planner\', 1, \'2026-09-09T17:27:39.497975\'::timestamp, 1) RETURNING "id"'
ERROR: duplicate key value violates unique constraint "federation_competition_role_assignment_unique_role_user"
DETAIL:  Key (edition_id, role, user_id)=(58, schedule_planner, 1) already exists.
 
2026-09-09 17:27:39,532 33 INFO sf_rc_validation odoo.addons.sports_federation_competition_core.tests.test_competition_core: Starting TestCompetitionCore.test_valid_lifecycle_records_events ... 
2026-09-09 17:27:39,539 33 INFO sf_rc_validation odoo.addons.base.models.ir_attachment: filestore gc 0 checked, 0 removed 
2026-09-09 17:27:39,592 33 INFO sf_rc_validation odoo.addons.sports_federation_rosters.tests.test_participant_readiness: Starting TestParticipantReadiness.test_action_open_readiness_roster_returns_context_for_operator_handoff ... 
2026-09-09 17:27:39,627 33 INFO sf_rc_validation odoo.addons.sports_federation_rosters.tests.test_participant_readiness: Starting TestParticipantReadiness.test_discovery_sanity_guard_for_participant_readiness_suite ... 
2026-09-09 17:27:39,627 33 INFO sf_rc_validation odoo.addons.sports_federation_rosters.tests.test_participant_readiness: Starting TestParticipantReadiness.test_match_schedule_within_deadline_allows_ready_team_rosters ... 
2026-09-09 17:27:39,716 33 INFO sf_rc_validation odoo.addons.sports_federation_rosters.tests.test_participant_readiness: Starting TestParticipantReadiness.test_match_schedule_within_deadline_requires_ready_team_rosters ... 
2026-09-09 17:27:39,738 33 INFO sf_rc_validation odoo.addons.sports_federation_rosters.tests.test_participant_readiness: Starting TestParticipantReadiness.test_participant_confirm_allows_missing_roster_before_deadline ... 
2026-09-09 17:27:39,770 33 INFO sf_rc_validation odoo.addons.sports_federation_rosters.tests.test_participant_readiness: Starting TestParticipantReadiness.test_participant_confirm_blocks_missing_roster_once_deadline_reached ... 
2026-09-09 17:27:39,805 33 INFO sf_rc_validation odoo.addons.sports_federation_rosters.tests.test_participant_readiness: Starting TestParticipantReadiness.test_participant_confirm_succeeds_with_ready_roster_after_deadline ... 
2026-09-09 17:27:39,854 33 INFO sf_rc_validation odoo.addons.sports_federation_rosters.tests.test_participant_readiness: Starting TestParticipantReadiness.test_participant_readiness_severity_switches_from_warning_to_blocking ... 
2026-09-09 17:27:39,897 33 INFO sf_rc_validation odoo.addons.base.models.ir_attachment: filestore gc 0 checked, 0 removed 
2026-09-09 17:27:40,021 33 INFO sf_rc_validation odoo.addons.sports_federation_format.tests.test_fixture_result_ownership: Starting TestFixtureResultOwnership.test_bye_is_structural_and_has_no_fake_result ... 
2026-09-09 17:27:40,066 33 INFO sf_rc_validation odoo.addons.sports_federation_format.tests.test_fixture_result_ownership: Starting TestFixtureResultOwnership.test_contest_invalidates_unprogressed_snapshot ... 
2026-09-09 17:27:40,196 33 INFO sf_rc_validation odoo.addons.sports_federation_format.tests.test_fixture_result_ownership: Starting TestFixtureResultOwnership.test_fixture_result_is_read_only_and_match_approval_completes_fixture ... 
2026-09-09 17:27:40,292 33 INFO sf_rc_validation odoo.addons.base.models.ir_model: Access Denied by ACLs for operation: read, uid: 806, model: federation.standing 
2026-09-09 17:27:40,305 33 INFO sf_rc_validation odoo.addons.sports_federation_format.tests.test_fixture_result_ownership: ====================================================================== 
2026-09-09 17:27:40,305 33 ERROR sf_rc_validation odoo.addons.sports_federation_format.tests.test_fixture_result_ownership: ERROR: TestFixtureResultOwnership.test_fixture_result_is_read_only_and_match_approval_completes_fixture
Traceback (most recent call last):
  File "/mnt/extra-addons/sports_federation_format/tests/test_fixture_result_ownership.py", line 143, in test_fixture_result_is_read_only_and_match_approval_completes_fixture
    match.with_user(self.result_approver).action_approve_result()
  File "/mnt/extra-addons/sports_federation_finance_bridge/models/match_result_hooks.py", line 57, in action_approve_result
    res = super().action_approve_result()
          ^^^^^^^^^^^^^^^^^^^^^^^^^^^^^^^
  File "/mnt/extra-addons/sports_federation_format/models/fixture_result_bridge.py", line 67, in action_approve_result
    result = super().action_approve_result()
             ^^^^^^^^^^^^^^^^^^^^^^^^^^^^^^^
  File "/mnt/extra-addons/sports_federation_result_control/models/match_result_control.py", line 278, in action_approve_result
    self._recompute_related_standings()
  File "/mnt/extra-addons/sports_federation_result_control/models/match_result_control.py", line 102, in _recompute_related_standings
    standings = Standing.search([("tournament_id", "=", rec.tournament_id.id)])
                ^^^^^^^^^^^^^^^^^^^^^^^^^^^^^^^^^^^^^^^^^^^^^^^^^^^^^^^^^^^^^^^
  File "/usr/lib/python3/dist-packages/odoo/orm/models.py", line 1378, in search
    return self.search_fetch(domain, [], offset=offset, limit=limit, order=order)
           ^^^^^^^^^^^^^^^^^^^^^^^^^^^^^^^^^^^^^^^^^^^^^^^^^^^^^^^^^^^^^^^^^^^^^^
  File "/usr/lib/python3/dist-packages/odoo/orm/models.py", line 1408, in search_fetch
    query = self._search(domain, offset=offset, limit=limit, order=order or self._order)
            ^^^^^^^^^^^^^^^^^^^^^^^^^^^^^^^^^^^^^^^^^^^^^^^^^^^^^^^^^^^^^^^^^^^^^^^^^^^^
  File "/usr/lib/python3/dist-packages/odoo/orm/models.py", line 5351, in _search
    self.browse().check_access('read')
  File "/usr/lib/python3/dist-packages/odoo/orm/models.py", line 4115, in check_access
    raise result[1]()
odoo.exceptions.AccessError: You are not allowed to access 'Federation Standing' (federation.standing) records.

This operation is allowed for the following groups:
	- Manager
	- User

Contact your administrator to request access if necessary.
 
2026-09-09 17:27:40,305 33 INFO sf_rc_validation odoo.addons.sports_federation_format.tests.test_fixture_result_ownership: Starting TestFixtureResultOwnership.test_playable_fixture_materializes_exactly_one_match ... 
2026-09-09 17:27:40,384 33 INFO sf_rc_validation odoo.addons.sports_federation_format.tests.test_fixture_result_ownership: Starting TestFixtureResultOwnership.test_unresolved_fixture_cannot_materialize ... 
2026-09-09 17:27:40,394 33 INFO sf_rc_validation odoo.addons.base.models.ir_attachment: filestore gc 0 checked, 0 removed 
2026-09-09 17:27:40,446 33 INFO sf_rc_validation odoo.addons.sports_federation_format.tests.test_stage_graph_engine: Starting TestStageGraphEngine.test_cycle_is_rejected ... 
2026-09-09 17:27:40,457 33 WARNING sf_rc_validation odoo.tools.translate: no translation language detected, skipping translation <frame at 0x7997995b2960, file '/mnt/extra-addons/sports_federation_format/services/graph_validator.py', line 23, code visit> 
Stack (most recent call last):
  File "/usr/bin/odoo", line 6, in <module>
    odoo.cli.main()
  File "/usr/lib/python3/dist-packages/odoo/cli/command.py", line 133, in main
    command().run(args)
  File "/usr/lib/python3/dist-packages/odoo/cli/server.py", line 127, in run
    main(args)
  File "/usr/lib/python3/dist-packages/odoo/cli/server.py", line 118, in main
    rc = server.start(preload=config['db_name'], stop=stop)
  File "/usr/lib/python3/dist-packages/odoo/service/server.py", line 1630, in start
    rc = server.run(preload, stop)
  File "/usr/lib/python3/dist-packages/odoo/service/server.py", line 702, in run
    rc = preload_registries(preload)
  File "/usr/lib/python3/dist-packages/odoo/service/server.py", line 1560, in preload_registries
    result = loader.run_suite(post_install_suite, global_report=registry._assertion_report)
  File "/usr/lib/python3/dist-packages/odoo/tests/loader.py", line 116, in run_suite
    suite(results)
  File "/usr/lib/python3.12/unittest/suite.py", line 84, in __call__
    return self.run(*args, **kwds)
  File "/usr/lib/python3/dist-packages/odoo/tests/suite.py", line 47, in run
    test(result)
  File "/usr/lib/python3.12/unittest/case.py", line 690, in __call__
    return self.run(*args, **kwds)
  File "/usr/lib/python3/dist-packages/odoo/tests/common.py", line 379, in run
    super().run(cast(TestResult, result))
  File "/usr/lib/python3/dist-packages/odoo/tests/case.py", line 216, in run
    self._callTestMethod(testMethod)
  File "/usr/lib/python3/dist-packages/odoo/tests/case.py", line 184, in _callTestMethod
    method()
  File "/mnt/extra-addons/sports_federation_format/tests/test_stage_graph_engine.py", line 125, in test_cycle_is_rejected
    self.env["federation.stage.graph.engine"].validate_graph(self.structure)
  File "/mnt/extra-addons/sports_federation_format/services/stage_graph_engine.py", line 13, in validate_graph
    return self.env["federation.stage.graph.validator"].validate(structure)
  File "/mnt/extra-addons/sports_federation_format/services/graph_validator.py", line 33, in validate
    visit(stage.id)
  File "/mnt/extra-addons/sports_federation_format/services/graph_validator.py", line 28, in visit
    visit(target_id)
  File "/mnt/extra-addons/sports_federation_format/services/graph_validator.py", line 28, in visit
    visit(target_id)
  File "/mnt/extra-addons/sports_federation_format/services/graph_validator.py", line 23, in visit
    raise ValidationError(_("Stage graph contains a cycle."))
  File "/usr/lib/python3/dist-packages/odoo/tools/translate.py", line 577, in get_text_alias
    module, lang = _get_translation_source(1)
  File "/usr/lib/python3/dist-packages/odoo/tools/translate.py", line 566, in _get_translation_source
    lang = lang or _get_lang(frame, default_lang)
  File "/usr/lib/python3/dist-packages/odoo/tools/translate.py", line 557, in _get_lang
    _logger.log(log_level, 'no translation language detected, skipping translation %s', frame, stack_info=True)
2026-09-09 17:27:40,458 33 INFO sf_rc_validation odoo.addons.sports_federation_format.tests.test_stage_graph_engine: Starting TestStageGraphEngine.test_five_team_full_placement_bracket_generates_classification ... 
2026-09-09 17:27:40,527 33 INFO sf_rc_validation odoo.addons.sports_federation_format.tests.test_stage_graph_engine: Starting TestStageGraphEngine.test_placement_bracket_matrix_has_valid_sources ... 
2026-09-09 17:27:41,384 33 INFO sf_rc_validation odoo.addons.base.models.ir_attachment: filestore gc 0 checked, 0 removed 
2026-09-09 17:27:41,430 33 INFO sf_rc_validation odoo.addons.sports_federation_calendar.tests.test_slot_generation_wizard: Starting TestMatchdaySlotGenerationWizard.test_existing_slots_require_explicit_replacement ... 
2026-09-09 17:27:41,460 33 INFO sf_rc_validation odoo.models.unlink: User #1 deleted federation.schedule.slot records with IDs: [87, 92, 93, 88, 94, 98, 99, 89, 95, 90, 96, 91, 97] 
2026-09-09 17:27:41,468 33 INFO sf_rc_validation odoo.addons.sports_federation_calendar.tests.test_slot_generation_wizard: Starting TestMatchdaySlotGenerationWizard.test_generation_is_blocked_after_scheduling_starts ... 
2026-09-09 17:27:41,477 33 INFO sf_rc_validation odoo.addons.sports_federation_calendar.tests.test_slot_generation_wizard: Starting TestMatchdaySlotGenerationWizard.test_generation_uses_local_time_and_creates_visible_pause ... 
2026-09-09 17:27:41,493 33 INFO sf_rc_validation odoo.addons.sports_federation_calendar.tests.test_slot_generation_wizard: Starting TestMatchdaySlotGenerationWizard.test_preview_respects_noon_pause_and_venue_constraints ... 
2026-09-09 17:27:41,502 33 INFO sf_rc_validation odoo.addons.base.models.ir_attachment: filestore gc 0 checked, 0 removed 
2026-09-09 17:27:41,534 33 INFO sf_rc_validation odoo.addons.sports_federation_calendar.tests.test_slot_timeline: Starting TestCalendarSlotTimeline.test_buffered_rows_are_normalized_sequentially_per_court ... 
2026-09-09 17:27:41,546 33 INFO sf_rc_validation odoo.addons.sports_federation_calendar.tests.test_slot_timeline: Starting TestCalendarSlotTimeline.test_court_onchange_uses_latest_saved_end_and_duration ... 
2026-09-09 17:27:41,552 33 INFO sf_rc_validation odoo.addons.sports_federation_calendar.tests.test_slot_timeline: Starting TestCalendarSlotTimeline.test_each_court_inherits_its_own_latest_duration ... 
2026-09-09 17:27:41,562 33 INFO sf_rc_validation odoo.addons.sports_federation_calendar.tests.test_slot_timeline: Starting TestCalendarSlotTimeline.test_first_slot_of_each_court_uses_matchday_default ... 
2026-09-09 17:27:41,570 33 INFO sf_rc_validation odoo.addons.sports_federation_calendar.tests.test_slot_timeline: Starting TestCalendarSlotTimeline.test_manual_gap_is_preserved_when_continuation_disabled ... 
2026-09-09 17:27:41,575 33 INFO sf_rc_validation odoo.addons.sports_federation_calendar.tests.test_slot_timeline: Starting TestCalendarSlotTimeline.test_slot_display_name_uses_local_time_window_and_court ... 
2026-09-09 17:27:41,582 33 INFO sf_rc_validation odoo.addons.sports_federation_calendar.tests.test_slot_timeline: Starting TestCalendarSlotTimeline.test_unsaved_inline_siblings_continue_without_parent_save ... 
2026-09-09 17:27:41,585 33 INFO sf_rc_validation odoo.addons.base.models.ir_attachment: filestore gc 0 checked, 0 removed 
2026-09-09 17:27:41,586 33 INFO sf_rc_validation odoo.addons.sports_federation_scheduling.tests.test_fairness_solver: Starting TestFairnessSolver.test_club_conflicts_are_lexicographically_prioritized ... 
2026-09-09 17:27:41,587 33 INFO sf_rc_validation odoo.addons.sports_federation_scheduling.tests.test_fairness_solver: Starting TestFairnessSolver.test_each_weight_changes_only_its_component ... 
2026-09-09 17:27:41,587 33 INFO sf_rc_validation odoo.addons.sports_federation_scheduling.tests.test_fairness_solver: Starting TestFairnessSolver.test_same_club_overlap_uses_real_windows ... 
2026-09-09 17:27:41,588 33 INFO sf_rc_validation odoo.addons.sports_federation_scheduling.tests.test_fairness_solver: Starting TestFairnessSolver.test_score_is_deterministic_and_does_not_mutate_inputs ... 
2026-09-09 17:27:41,588 33 INFO sf_rc_validation odoo.addons.sports_federation_scheduling.tests.test_fairness_solver: Starting TestFairnessSolver.test_weighted_formula_reports_all_components ... 
2026-09-09 17:27:41,590 33 INFO sf_rc_validation odoo.addons.base.models.ir_attachment: filestore gc 0 checked, 0 removed 
2026-09-09 17:27:41,644 33 INFO sf_rc_validation odoo.addons.sports_federation_scheduling.tests.test_schedule_amendment: Starting TestScheduleAmendment.test_late_fixture_can_be_added_to_revision_and_removed_again ... 
2026-09-09 17:27:41,668 33 INFO sf_rc_validation odoo.addons.sports_federation_scheduling.tests.test_schedule_amendment: Starting TestScheduleAmendment.test_only_one_replacement_can_be_created ... 
2026-09-09 17:27:41,692 33 INFO sf_rc_validation odoo.addons.sports_federation_scheduling.tests.test_schedule_amendment: Starting TestScheduleAmendment.test_open_matchday_cannot_be_amended ... 
2026-09-09 17:27:41,697 33 INFO sf_rc_validation odoo.addons.sports_federation_scheduling.tests.test_schedule_amendment: Starting TestScheduleAmendment.test_published_schedule_creates_linked_replacement ... 
2026-09-09 17:27:41,719 33 INFO sf_rc_validation odoo.addons.sports_federation_scheduling.tests.test_schedule_amendment: Starting TestScheduleAmendment.test_reason_is_required ... 
2026-09-09 17:27:41,723 33 INFO sf_rc_validation odoo.addons.sports_federation_scheduling.tests.test_schedule_amendment: Starting TestScheduleAmendment.test_replacement_copies_assignments_without_mutating_source ... 
2026-09-09 17:27:41,746 33 INFO sf_rc_validation odoo.addons.sports_federation_scheduling.tests.test_schedule_amendment: Starting TestScheduleAmendment.test_revision_and_auto_planner_include_new_division_fixture ... 
2026-09-09 17:27:41,811 33 INFO sf_rc_validation odoo.addons.base.models.ir_attachment: filestore gc 0 checked, 0 removed 
2026-09-09 17:27:41,852 33 INFO sf_rc_validation odoo.addons.sports_federation_schedule_approval.tests.test_publication_integrity: Starting TestPhase511Integrity.test_approval_rejects_non_review_schedule_without_finalizing_review ... 
2026-09-09 17:27:41,898 33 INFO sf_rc_validation odoo.addons.sports_federation_schedule_approval.tests.test_publication_integrity: Starting TestPhase511Integrity.test_live_publications_are_independent_per_matchday ... 
2026-09-09 17:27:41,923 33 INFO sf_rc_validation odoo.addons.sports_federation_schedule_approval.tests.test_publication_integrity: Starting TestPhase511Integrity.test_only_one_live_publication_is_allowed_per_matchday ... 
2026-09-09 17:27:41,943 33 ERROR sf_rc_validation odoo.sql_db: bad query: b' UPDATE "federation_schedule_publication"\n                    SET "edition_id" = "__tmp"."edition_id"::int4, "matchday_id" = "__tmp"."matchday_id"::int4, "write_date" = "__tmp"."write_date"::timestamp, "write_uid" = "__tmp"."write_uid"::int4\n                    FROM (VALUES (17, 64, 26, \'2026-09-09T17:27:41.813330\'::timestamp, 1)) AS "__tmp"("id", "edition_id", "matchday_id", "write_date", "write_uid")\n                    WHERE "federation_schedule_publication"."id" = "__tmp"."id"\n                '
ERROR: duplicate key value violates unique constraint "federation_schedule_publication_one_live_matchday"
DETAIL:  Key (matchday_id)=(26) already exists.
 
2026-09-09 17:27:41,944 33 INFO sf_rc_validation odoo.addons.sports_federation_schedule_approval.tests.test_publication_integrity: Starting TestPhase511Integrity.test_publication_rejects_fixture_added_after_review ... 
2026-09-09 17:27:41,990 33 INFO sf_rc_validation odoo.addons.sports_federation_schedule_approval.tests.test_publication_integrity: Starting TestPhase511Integrity.test_review_decision_fields_reject_direct_writes ... 
2026-09-09 17:27:42,015 33 INFO sf_rc_validation odoo.addons.sports_federation_schedule_approval.tests.test_publication_integrity: Starting TestPhase511Integrity.test_schedule_approver_can_review_without_calendar_model_access ... 
2026-09-09 17:27:42,208 33 INFO sf_rc_validation odoo.addons.sports_federation_schedule_approval.tests.test_publication_integrity: Starting TestPhase511Integrity.test_unassigned_schedule_approver_is_rejected_without_access_error ... 
2026-09-09 17:27:42,274 33 INFO sf_rc_validation odoo.addons.base.models.ir_attachment: filestore gc 0 checked, 0 removed 
2026-09-09 17:27:42,602 33 INFO sf_rc_validation odoo.addons.sports_federation_schedule_approval.tests.test_review_permissions: Starting TestScheduleReviewPermissions.test_approver_can_submit_allowed_review_decision ... 
2026-09-09 17:27:42,635 33 INFO sf_rc_validation odoo.addons.sports_federation_schedule_approval.tests.test_review_permissions: Starting TestScheduleReviewPermissions.test_approver_cannot_alter_immutable_evidence_afterward ... 
2026-09-09 17:27:42,680 33 INFO sf_rc_validation odoo.addons.sports_federation_schedule_approval.tests.test_review_permissions: Starting TestScheduleReviewPermissions.test_direct_writes_to_protected_fields_are_rejected ... 
2026-09-09 17:27:42,715 33 INFO sf_rc_validation odoo.addons.sports_federation_schedule_approval.tests.test_review_permissions: Starting TestScheduleReviewPermissions.test_manager_cannot_overwrite_finalized_decision ... 
2026-09-09 17:27:42,759 33 INFO sf_rc_validation odoo.addons.sports_federation_schedule_approval.tests.test_review_permissions: Starting TestScheduleReviewPermissions.test_submitting_planner_can_withdraw_pending_review ... 
2026-09-09 17:27:42,790 33 INFO sf_rc_validation odoo.addons.sports_federation_schedule_approval.tests.test_review_permissions: Starting TestScheduleReviewPermissions.test_unrelated_user_cannot_read_or_modify_review ... 
2026-09-09 17:27:42,821 33 INFO sf_rc_validation odoo.addons.base.models.ir_model: Access Denied by ACLs for operation: read, uid: 812, model: federation.schedule.review 
2026-09-09 17:27:42,825 33 INFO sf_rc_validation odoo.addons.base.models.ir_model: Access Denied by ACLs for operation: write, uid: 812, model: federation.schedule.review 
2026-09-09 17:27:42,829 33 INFO sf_rc_validation odoo.addons.base.models.ir_attachment: filestore gc 4 checked, 4 removed 
2026-09-09 17:27:42,896 33 INFO sf_rc_validation odoo.addons.sports_federation_matchday.tests.test_matchday_operator_handoff: Starting TestMatchdayOperatorHandoff.test_change_rejected_before_matchday_is_open ... 
2026-09-09 17:27:42,903 33 INFO sf_rc_validation odoo.addons.sports_federation_matchday.tests.test_matchday_operator_handoff: Starting TestMatchdayOperatorHandoff.test_closed_delete_action_opens_before_reason_is_entered ... 
2026-09-09 17:27:42,927 33 INFO sf_rc_validation odoo.addons.sports_federation_matchday.tests.test_matchday_operator_handoff: Starting TestMatchdayOperatorHandoff.test_closed_matchday_delete_wizard_removes_impact_data ... 
2026-09-09 17:27:42,955 33 INFO sf_rc_validation odoo.models.unlink: User #1 deleted federation.matchday.session records with IDs: [6] 
2026-09-09 17:27:42,964 33 INFO sf_rc_validation odoo.models.unlink: User #1 deleted mail.message records with IDs: [10666] 
2026-09-09 17:27:42,969 33 INFO sf_rc_validation odoo.models.unlink: User #1 deleted federation.schedule.review records with IDs: [47] 
2026-09-09 17:27:42,973 33 INFO sf_rc_validation odoo.models.unlink: User #1 deleted federation.schedule.publication records with IDs: [19] 
2026-09-09 17:27:42,981 33 INFO sf_rc_validation odoo.models.unlink: User #1 deleted mail.message records with IDs: [10665] 
2026-09-09 17:27:42,986 33 INFO sf_rc_validation odoo.models.unlink: User #1 deleted federation.schedule records with IDs: [52] 
2026-09-09 17:27:42,992 33 INFO sf_rc_validation odoo.models.unlink: User #1 deleted mail.message records with IDs: [10664] 
2026-09-09 17:27:42,999 33 INFO sf_rc_validation odoo.models.unlink: User #1 deleted federation.matchday records with IDs: [29] 
2026-09-09 17:27:43,002 33 INFO sf_rc_validation odoo.addons.sports_federation_matchday.tests.test_matchday_operator_handoff: Starting TestMatchdayOperatorHandoff.test_open_and_deviation_emit_transition_audit ... 
2026-09-09 17:27:43,067 33 INFO sf_rc_validation odoo.addons.sports_federation_matchday.tests.test_matchday_operator_handoff: Starting TestMatchdayOperatorHandoff.test_open_failure_rolls_back_session_and_court_statuses ... 
2026-09-09 17:27:43,084 33 INFO sf_rc_validation odoo.addons.sports_federation_matchday.tests.test_matchday_operator_handoff: Starting TestMatchdayOperatorHandoff.test_open_uses_exact_live_publication ... 
2026-09-09 17:27:43,112 33 INFO sf_rc_validation odoo.addons.sports_federation_matchday.tests.test_matchday_operator_handoff: Starting TestMatchdayOperatorHandoff.test_operational_move_preserves_published_slot ... 
2026-09-09 17:27:43,162 33 INFO sf_rc_validation odoo.addons.sports_federation_matchday.tests.test_matchday_operator_handoff: Starting TestMatchdayOperatorHandoff.test_restart_from_scratch_creates_clean_replacement ... 
2026-09-09 17:27:43,192 33 INFO sf_rc_validation odoo.models.unlink: User #1 deleted mail.message records with IDs: [10675] 
2026-09-09 17:27:43,195 33 INFO sf_rc_validation odoo.models.unlink: User #1 deleted federation.matchday records with IDs: [30] 
2026-09-09 17:27:43,214 33 INFO sf_rc_validation odoo.addons.sports_federation_matchday.tests.test_matchday_operator_handoff: Starting TestMatchdayOperatorHandoff.test_restart_from_scratch_rejects_published_matchday ... 
2026-09-09 17:27:43,218 33 INFO sf_rc_validation odoo.addons.sports_federation_matchday.tests.test_matchday_operator_handoff: Starting TestMatchdayOperatorHandoff.test_unlink_draft_matchday_removes_mutable_schedule ... 
2026-09-09 17:27:43,238 33 INFO sf_rc_validation odoo.models.unlink: User #1 deleted mail.message records with IDs: [10679] 
2026-09-09 17:27:43,241 33 INFO sf_rc_validation odoo.models.unlink: User #1 deleted federation.schedule records with IDs: [53] 
2026-09-09 17:27:43,247 33 INFO sf_rc_validation odoo.models.unlink: User #1 deleted mail.message records with IDs: [10678] 
2026-09-09 17:27:43,250 33 INFO sf_rc_validation odoo.models.unlink: User #1 deleted federation.matchday records with IDs: [32] 
2026-09-09 17:27:43,253 33 INFO sf_rc_validation odoo.addons.sports_federation_matchday.tests.test_matchday_operator_handoff: Starting TestMatchdayOperatorHandoff.test_unlink_published_matchday_preserves_schedule_history ... 
2026-09-09 17:27:43,259 33 INFO sf_rc_validation odoo.addons.base.models.ir_attachment: filestore gc 0 checked, 0 removed 
2026-09-09 17:27:43,407 33 INFO sf_rc_validation odoo.addons.sports_federation_officiating.tests.test_auto_club_duty_assignment: Starting TestAutoClubDutyAssignment.test_configuration_can_require_a_non_playing_club ... 
2026-09-09 17:27:43,436 33 INFO sf_rc_validation odoo.addons.sports_federation_officiating.tests.test_auto_club_duty_assignment: Starting TestAutoClubDutyAssignment.test_prefers_non_playing_club_and_creates_four_roles ... 
2026-09-09 17:27:43,480 33 INFO sf_rc_validation odoo.addons.base.models.ir_attachment: filestore gc 0 checked, 0 removed 
2026-09-09 17:27:43,496 33 INFO sf_rc_validation odoo.addons.sports_federation_officiating.tests.test_competition_officiating_contract: Starting TestCompetitionOfficiatingContract.test_unbacked_match_cannot_receive_club_duty ... 
2026-09-09 17:27:43,512 33 INFO sf_rc_validation odoo.addons.sports_federation_officiating.tests.test_competition_officiating_contract: Starting TestCompetitionOfficiatingContract.test_unbacked_match_cannot_receive_referee_assignment ... 
2026-09-09 17:27:43,540 33 INFO sf_rc_validation odoo.addons.base.models.ir_attachment: filestore gc 0 checked, 0 removed 
2026-09-09 17:27:43,567 33 INFO sf_rc_validation odoo.addons.sports_federation_public_site.tests.test_browser_public_site: Starting TestBrowserPublicSite.test_public_site_browser_lifecycle ... 
2026-09-09 17:27:43,882 33 INFO sf_rc_validation odoo.addons.sports_federation_public_site.tests.test_browser_public_site.TestBrowserPublicSite.test_public_site_browser_lifecycle: Chrome pid: 37 
2026-09-09 17:27:43,882 33 INFO sf_rc_validation odoo.addons.sports_federation_public_site.tests.test_browser_public_site.TestBrowserPublicSite.test_public_site_browser_lifecycle: Chrome headless temporary user profile dir: /tmp/tmpdz3_lcw7_chrome_odoo 
2026-09-09 17:27:43,882 33 INFO sf_rc_validation odoo.addons.sports_federation_public_site.tests.test_browser_public_site.TestBrowserPublicSite.test_public_site_browser_lifecycle: Issuing json command http://127.0.0.1:34739/json/version 
2026-09-09 17:27:43,885 33 INFO sf_rc_validation odoo.tests.common.requests: request SplitResult(scheme='http', netloc='127.0.0.1:34739', path='/json/version', query='', fragment='') with timeout 3 increased to 10s during tests 
2026-09-09 17:27:43,935 33 INFO sf_rc_validation odoo.addons.sports_federation_public_site.tests.test_browser_public_site.TestBrowserPublicSite.test_public_site_browser_lifecycle: Browser version: Chrome/153.0.8010.36 
2026-09-09 17:27:43,935 33 INFO sf_rc_validation odoo.addons.sports_federation_public_site.tests.test_browser_public_site.TestBrowserPublicSite.test_public_site_browser_lifecycle: Issuing json command http://127.0.0.1:34739/json 
2026-09-09 17:27:43,936 33 INFO sf_rc_validation odoo.tests.common.requests: request SplitResult(scheme='http', netloc='127.0.0.1:34739', path='/json', query='', fragment='') with timeout 3 increased to 10s during tests 
2026-09-09 17:27:43,957 33 INFO sf_rc_validation odoo.addons.sports_federation_public_site.tests.test_browser_public_site.TestBrowserPublicSite.test_public_site_browser_lifecycle: Websocket url found: ws://127.0.0.1:34739/devtools/page/3DEAC787BEC9D6CD19DD75511DF155C1 
2026-09-09 17:27:43,975 33 INFO sf_rc_validation odoo.addons.sports_federation_public_site.tests.test_browser_public_site.TestBrowserPublicSite.test_public_site_browser_lifecycle: Enable chrome headless console log notification 
2026-09-09 17:27:44,001 33 INFO sf_rc_validation odoo.addons.sports_federation_public_site.tests.test_browser_public_site.TestBrowserPublicSite.test_public_site_browser_lifecycle: Chrome headless enable page notifications 
2026-09-09 17:27:46,702 33 INFO sf_rc_validation odoo.addons.sports_federation_public_site.tests.test_browser_public_site.TestBrowserPublicSite.test_public_site_browser_lifecycle: Setting session cookie in browser 
2026-09-09 17:27:46,703 33 INFO sf_rc_validation odoo.addons.sports_federation_public_site.tests.test_browser_public_site.TestBrowserPublicSite.test_public_site_browser_lifecycle: Open "http://127.0.0.1:8069/competitions" in browser 
2026-09-09 17:27:46,703 33 INFO sf_rc_validation odoo.addons.sports_federation_public_site.tests.test_browser_public_site.TestBrowserPublicSite.test_public_site_browser_lifecycle: Navigating to: "http://127.0.0.1:8069/competitions" 
2026-09-09 17:27:46,713 33 INFO sf_rc_validation odoo.addons.base.models.ir_http: Generating routing map for key 1 
2026-09-09 17:27:47,119 33 INFO sf_rc_validation werkzeug: 127.0.0.1 - - [09/Sep/2026 17:27:47] "GET /competitions HTTP/1.1" 200 - 95 0.038 0.370
2026-09-09 17:27:47,122 33 INFO sf_rc_validation odoo.addons.sports_federation_public_site.tests.test_browser_public_site.TestBrowserPublicSite.test_public_site_browser_lifecycle: Navigation result: {'frameId': '3DEAC787BEC9D6CD19DD75511DF155C1', 'loaderId': 'B64787A9F93507A28B036022B60D2A75', 'isDownload': False} 
2026-09-09 17:27:47,122 33 INFO sf_rc_validation odoo.addons.sports_federation_public_site.tests.test_browser_public_site.TestBrowserPublicSite.test_public_site_browser_lifecycle: Evaluate ready code "odoo.isTourReady('public_site_browser_lifecycle')" 
2026-09-09 17:27:47,169 33 INFO ? werkzeug: 127.0.0.1 - - [09/Sep/2026 17:27:47] "GET /web/static/src/libs/fontawesome/fonts/fontawesome-webfont.woff2?v=4.7.0 HTTP/1.1" 200 - 0 0.000 0.006
2026-09-09 17:27:47,171 33 INFO sf_rc_validation odoo.addons.base.models.assetsbundle: Found a similar attachment for /web/assets/1/e1b1dc8/web.assets_frontend.min.css, copying from /web/assets/e1b1dc8/web.assets_frontend.min.css 
2026-09-09 17:27:47,171 33 INFO sf_rc_validation odoo.addons.base.models.ir_attachment: _read_file reading /var/lib/odoo/filestore/sf_rc_validation/c1/c1833b4f175e3b752c3c1ac41c3859895ef4b373 
Traceback (most recent call last):
  File "/usr/lib/python3/dist-packages/odoo/addons/base/models/ir_attachment.py", line 151, in _file_read
    with open(full_path, 'rb') as f:
         ^^^^^^^^^^^^^^^^^^^^^
FileNotFoundError: [Errno 2] No such file or directory: '/var/lib/odoo/filestore/sf_rc_validation/c1/c1833b4f175e3b752c3c1ac41c3859895ef4b373'
2026-09-09 17:27:47,179 33 INFO sf_rc_validation werkzeug: 127.0.0.1 - - [09/Sep/2026 17:27:47] "GET /web/assets/1/e1b1dc8/web.assets_frontend.min.css HTTP/1.1" 301 - 13 0.005 0.010
2026-09-09 17:27:47,189 33 INFO sf_rc_validation odoo.addons.base.models.assetsbundle: Found a similar attachment for /web/assets/1/5a20860/web.assets_frontend_minimal.min.js, copying from /web/assets/5a20860/web.assets_frontend_minimal.min.js 
2026-09-09 17:27:47,190 33 INFO sf_rc_validation odoo.addons.base.models.ir_attachment: _read_file reading /var/lib/odoo/filestore/sf_rc_validation/90/903a321ecfebe3c108baecf55a3f881952767479 
Traceback (most recent call last):
  File "/usr/lib/python3/dist-packages/odoo/addons/base/models/ir_attachment.py", line 151, in _file_read
    with open(full_path, 'rb') as f:
         ^^^^^^^^^^^^^^^^^^^^^
FileNotFoundError: [Errno 2] No such file or directory: '/var/lib/odoo/filestore/sf_rc_validation/90/903a321ecfebe3c108baecf55a3f881952767479'
2026-09-09 17:27:47,196 33 INFO sf_rc_validation werkzeug: 127.0.0.1 - - [09/Sep/2026 17:27:47] "GET /web/assets/1/5a20860/web.assets_frontend_minimal.min.js HTTP/1.1" 301 - 10 0.005 0.009
2026-09-09 17:27:47,235 33 INFO sf_rc_validation odoo.addons.base.models.assetsbundle: Found a similar attachment for /web/assets/1/ec9021e/web.__assets_tests_call__.min.js, copying from /web/assets/ec9021e/web.__assets_tests_call__.min.js 
2026-09-09 17:27:47,235 33 INFO sf_rc_validation odoo.addons.base.models.ir_attachment: _read_file reading /var/lib/odoo/filestore/sf_rc_validation/27/276ccc06212b8ea4eed4f57760284af4cb610a12 
Traceback (most recent call last):
  File "/usr/lib/python3/dist-packages/odoo/addons/base/models/ir_attachment.py", line 151, in _file_read
    with open(full_path, 'rb') as f:
         ^^^^^^^^^^^^^^^^^^^^^
FileNotFoundError: [Errno 2] No such file or directory: '/var/lib/odoo/filestore/sf_rc_validation/27/276ccc06212b8ea4eed4f57760284af4cb610a12'
2026-09-09 17:27:47,239 33 INFO sf_rc_validation werkzeug: 127.0.0.1 - - [09/Sep/2026 17:27:47] "GET /web/assets/1/ec9021e/web.__assets_tests_call__.min.js HTTP/1.1" 301 - 10 0.002 0.007
2026-09-09 17:27:47,278 33 ERROR sf_rc_validation odoo.http: Exception during request handling. 
Traceback (most recent call last):
  File "/usr/lib/python3/dist-packages/odoo/http.py", line 2825, in __call__
    response = request._serve_db()
               ^^^^^^^^^^^^^^^^^^^
  File "/usr/lib/python3/dist-packages/odoo/http.py", line 2280, in _serve_db
    raise self._update_served_exception(exc)
  File "/usr/lib/python3/dist-packages/odoo/http.py", line 2272, in _serve_db
    return service_model.retrying(serve_func, env=self.env)
           ^^^^^^^^^^^^^^^^^^^^^^^^^^^^^^^^^^^^^^^^^^^^^^^^
  File "/usr/lib/python3/dist-packages/odoo/service/model.py", line 188, in retrying
    result = func()
             ^^^^^^
  File "/usr/lib/python3/dist-packages/odoo/http.py", line 2353, in _serve_ir_http
    response = self.dispatcher.dispatch(rule.endpoint, args)
               ^^^^^^^^^^^^^^^^^^^^^^^^^^^^^^^^^^^^^^^^^^^^^
  File "/usr/lib/python3/dist-packages/odoo/http.py", line 2475, in dispatch
    return self.request.registry['ir.http']._dispatch(endpoint)
           ^^^^^^^^^^^^^^^^^^^^^^^^^^^^^^^^^^^^^^^^^^^^^^^^^^^^
  File "/usr/lib/python3/dist-packages/odoo/addons/base/models/ir_http.py", line 355, in _dispatch
    result = endpoint(**request.params)
             ^^^^^^^^^^^^^^^^^^^^^^^^^^
  File "/usr/lib/python3/dist-packages/odoo/http.py", line 808, in route_wrapper
    result = endpoint(self, *args, **params_ok)
             ^^^^^^^^^^^^^^^^^^^^^^^^^^^^^^^^^^
  File "/usr/lib/python3/dist-packages/odoo/addons/web/controllers/binary.py", line 186, in content_image
    stream = request.env['ir.binary']._get_image_stream_from(
             ^^^^^^^^^^^^^^^^^^^^^^^^^^^^^^^^^^^^^^^^^^^^^^^^
  File "/usr/lib/python3/dist-packages/odoo/addons/base/models/ir_binary.py", line 200, in _get_image_stream_from
    stream = self._get_stream_from(
             ^^^^^^^^^^^^^^^^^^^^^^
  File "/usr/lib/python3/dist-packages/odoo/addons/base/models/ir_binary.py", line 124, in _get_stream_from
    stream = self._record_to_stream(record, field_name)
             ^^^^^^^^^^^^^^^^^^^^^^^^^^^^^^^^^^^^^^^^^^
  File "/usr/lib/python3/dist-packages/odoo/addons/base/models/ir_binary.py", line 83, in _record_to_stream
    return field_attachment._to_http_stream()
           ^^^^^^^^^^^^^^^^^^^^^^^^^^^^^^^^^^
  File "/usr/lib/python3/dist-packages/odoo/addons/base/models/ir_attachment.py", line 921, in _to_http_stream
    stat = os.stat(stream.path)
           ^^^^^^^^^^^^^^^^^^^^
FileNotFoundError: [Errno 2] No such file or directory: '/var/lib/odoo/filestore/sf_rc_validation/43/435ab52778bb30f14e55f3d78d022f2393d67c2d'
2026-09-09 17:27:47,281 33 INFO ? werkzeug: 127.0.0.1 - - [09/Sep/2026 17:27:47] "GET /web/static/img/odoo_logo_tiny.png HTTP/1.1" 200 - 0 0.000 0.007
2026-09-09 17:27:47,283 33 INFO sf_rc_validation werkzeug: 127.0.0.1 - - [09/Sep/2026 17:27:47] "GET /web/image/website/1/logo/My%20Website?unique=71e6911 HTTP/1.1" 500 - 4 0.002 0.011
2026-09-09 17:27:47,326 33 ERROR sf_rc_validation odoo.http: Exception during request handling. 
Traceback (most recent call last):
  File "/usr/lib/python3/dist-packages/odoo/http.py", line 2825, in __call__
    response = request._serve_db()
               ^^^^^^^^^^^^^^^^^^^
  File "/usr/lib/python3/dist-packages/odoo/http.py", line 2280, in _serve_db
    raise self._update_served_exception(exc)
  File "/usr/lib/python3/dist-packages/odoo/http.py", line 2272, in _serve_db
    return service_model.retrying(serve_func, env=self.env)
           ^^^^^^^^^^^^^^^^^^^^^^^^^^^^^^^^^^^^^^^^^^^^^^^^
  File "/usr/lib/python3/dist-packages/odoo/service/model.py", line 188, in retrying
    result = func()
             ^^^^^^
  File "/usr/lib/python3/dist-packages/odoo/http.py", line 2353, in _serve_ir_http
    response = self.dispatcher.dispatch(rule.endpoint, args)
               ^^^^^^^^^^^^^^^^^^^^^^^^^^^^^^^^^^^^^^^^^^^^^
  File "/usr/lib/python3/dist-packages/odoo/http.py", line 2475, in dispatch
    return self.request.registry['ir.http']._dispatch(endpoint)
           ^^^^^^^^^^^^^^^^^^^^^^^^^^^^^^^^^^^^^^^^^^^^^^^^^^^^
  File "/usr/lib/python3/dist-packages/odoo/addons/base/models/ir_http.py", line 355, in _dispatch
    result = endpoint(**request.params)
             ^^^^^^^^^^^^^^^^^^^^^^^^^^
  File "/usr/lib/python3/dist-packages/odoo/http.py", line 808, in route_wrapper
    result = endpoint(self, *args, **params_ok)
             ^^^^^^^^^^^^^^^^^^^^^^^^^^^^^^^^^^
  File "/usr/lib/python3/dist-packages/odoo/addons/web/controllers/binary.py", line 186, in content_image
    stream = request.env['ir.binary']._get_image_stream_from(
             ^^^^^^^^^^^^^^^^^^^^^^^^^^^^^^^^^^^^^^^^^^^^^^^^
  File "/usr/lib/python3/dist-packages/odoo/addons/base/models/ir_binary.py", line 200, in _get_image_stream_from
    stream = self._get_stream_from(
             ^^^^^^^^^^^^^^^^^^^^^^
  File "/usr/lib/python3/dist-packages/odoo/addons/base/models/ir_binary.py", line 124, in _get_stream_from
    stream = self._record_to_stream(record, field_name)
             ^^^^^^^^^^^^^^^^^^^^^^^^^^^^^^^^^^^^^^^^^^
  File "/usr/lib/python3/dist-packages/odoo/addons/base/models/ir_binary.py", line 83, in _record_to_stream
    return field_attachment._to_http_stream()
           ^^^^^^^^^^^^^^^^^^^^^^^^^^^^^^^^^^
  File "/usr/lib/python3/dist-packages/odoo/addons/base/models/ir_attachment.py", line 921, in _to_http_stream
    stat = os.stat(stream.path)
           ^^^^^^^^^^^^^^^^^^^^
FileNotFoundError: [Errno 2] No such file or directory: '/var/lib/odoo/filestore/sf_rc_validation/d0/d09086a0794cf3070f12e742f27126254b4e2b5a'
2026-09-09 17:27:47,327 33 INFO sf_rc_validation werkzeug: 127.0.0.1 - - [09/Sep/2026 17:27:47] "GET /web/image/website/1/favicon?unique=71e6911 HTTP/1.1" 500 - 3 0.001 0.004
2026-09-09 17:28:47,124 33 INFO sf_rc_validation odoo.addons.sports_federation_public_site.tests.test_browser_public_site.TestBrowserPublicSite.test_public_site_browser_lifecycle: Closing chrome headless with pid 37 
2026-09-09 17:28:47,124 33 INFO sf_rc_validation odoo.addons.sports_federation_public_site.tests.test_browser_public_site.TestBrowserPublicSite.test_public_site_browser_lifecycle: Closing websocket connection 
2026-09-09 17:28:47,125 33 INFO sf_rc_validation odoo.addons.sports_federation_public_site.tests.test_browser_public_site.TestBrowserPublicSite.test_public_site_browser_lifecycle: Terminating chrome headless with pid 37 
2026-09-09 17:28:47,446 33 INFO sf_rc_validation odoo.addons.sports_federation_public_site.tests.test_browser_public_site.TestBrowserPublicSite.test_public_site_browser_lifecycle: Removing chrome user profile "/tmp/tmpdz3_lcw7_chrome_odoo" 
2026-09-09 17:28:47,460 33 INFO sf_rc_validation odoo.addons.sports_federation_public_site.tests.test_browser_public_site: ====================================================================== 
2026-09-09 17:28:47,460 33 ERROR sf_rc_validation odoo.addons.sports_federation_public_site.tests.test_browser_public_site: ERROR: TestBrowserPublicSite.test_public_site_browser_lifecycle
Traceback (most recent call last):
  File "/usr/lib/python3/dist-packages/odoo/tests/common.py", line 1653, in _websocket_request
    return f.result(timeout=timeout * self.throttling_factor)
           ^^^^^^^^^^^^^^^^^^^^^^^^^^^^^^^^^^^^^^^^^^^^^^^^^^
  File "/usr/lib/python3.12/concurrent/futures/_base.py", line 458, in result
    raise TimeoutError()
TimeoutError

During handling of the above exception, another exception occurred:

Traceback (most recent call last):
  File "/mnt/extra-addons/sports_federation_public_site/tests/test_browser_public_site.py", line 47, in test_public_site_browser_lifecycle
    self.start_tour(
  File "/usr/lib/python3/dist-packages/odoo/tests/common.py", line 2563, in start_tour
    self.browser_js(url_path=url_path, code=code, ready=ready, timeout=timeout, success_signal="tour succeeded", **kwargs)
  File "/usr/lib/python3/dist-packages/odoo/tests/common.py", line 2521, in browser_js
    self.assertTrue(browser._wait_ready(ready), 'The ready "%s" code was always falsy' % ready)
                    ^^^^^^^^^^^^^^^^^^^^^^^^^^
  File "/usr/lib/python3/dist-packages/odoo/tests/common.py", line 1859, in _wait_ready
    result = self._websocket_request('Runtime.evaluate', params={
             ^^^^^^^^^^^^^^^^^^^^^^^^^^^^^^^^^^^^^^^^^^^^^^^^^^^^
  File "/usr/lib/python3/dist-packages/odoo/tests/common.py", line 1655, in _websocket_request
    raise TimeoutError(f'{method}({params or ""})')
TimeoutError: Runtime.evaluate({'expression': "try { odoo.isTourReady('public_site_browser_lifecycle') } catch {}", 'awaitPromise': True})
 
2026-09-09 17:28:47,463 33 INFO sf_rc_validation odoo.addons.base.models.ir_attachment: filestore gc 0 checked, 0 removed 
2026-09-09 17:28:47,481 33 INFO sf_rc_validation odoo.addons.sports_federation_public_site.tests.test_club_team_pages: Starting TestClubPublicPages.test_clubs_list_returns_200 ... 
2026-09-09 17:28:47,484 33 INFO sf_rc_validation odoo.addons.base.models.ir_http: Generating routing map for key 1 
2026-09-09 17:28:47,896 33 INFO sf_rc_validation werkzeug: 127.0.0.1 - - [09/Sep/2026 17:28:47] "GET /clubs HTTP/1.1" 200 - 95 0.033 0.379
2026-09-09 17:28:47,897 33 INFO sf_rc_validation odoo.addons.sports_federation_public_site.tests.test_club_team_pages: Starting TestClubPublicPages.test_published_club_appears_in_list ... 
2026-09-09 17:28:47,900 33 INFO sf_rc_validation odoo.addons.base.models.ir_http: Generating routing map for key 1 
2026-09-09 17:28:48,276 33 INFO sf_rc_validation werkzeug: 127.0.0.1 - - [09/Sep/2026 17:28:48] "GET /clubs HTTP/1.1" 200 - 96 0.033 0.344
2026-09-09 17:28:48,277 33 INFO sf_rc_validation odoo.addons.sports_federation_public_site.tests.test_club_team_pages: Starting TestClubPublicPages.test_published_club_detail_returns_200 ... 
2026-09-09 17:28:48,280 33 INFO sf_rc_validation odoo.addons.base.models.ir_http: Generating routing map for key 1 
2026-09-09 17:28:48,662 33 INFO sf_rc_validation werkzeug: 127.0.0.1 - - [09/Sep/2026 17:28:48] "GET /clubs/public-club-page-smoke HTTP/1.1" 200 - 96 0.034 0.349
2026-09-09 17:28:48,663 33 INFO sf_rc_validation odoo.addons.sports_federation_public_site.tests.test_club_team_pages: Starting TestClubPublicPages.test_unpublished_club_detail_returns_404 ... 
2026-09-09 17:28:48,666 33 INFO sf_rc_validation odoo.addons.base.models.ir_http: Generating routing map for key 1 
2026-09-09 17:28:49,026 33 INFO sf_rc_validation werkzeug: 127.0.0.1 - - [09/Sep/2026 17:28:49] "GET /clubs/hidden-club-page-smoke HTTP/1.1" 404 - 94 0.033 0.329
2026-09-09 17:28:49,028 33 INFO sf_rc_validation odoo.addons.sports_federation_public_site.tests.test_club_team_pages: Starting TestClubPublicPages.test_unpublished_club_not_in_list ... 
2026-09-09 17:28:49,031 33 INFO sf_rc_validation odoo.addons.base.models.ir_http: Generating routing map for key 1 
2026-09-09 17:28:49,399 33 INFO sf_rc_validation werkzeug: 127.0.0.1 - - [09/Sep/2026 17:28:49] "GET /clubs HTTP/1.1" 200 - 96 0.033 0.337
2026-09-09 17:28:49,403 33 INFO sf_rc_validation odoo.addons.base.models.ir_attachment: filestore gc 0 checked, 0 removed 
2026-09-09 17:28:49,644 33 INFO sf_rc_validation odoo.addons.sports_federation_public_site.tests.test_http_smoke: Starting TestPublicSiteHttpSmoke.test_full_tournament_registration_shows_guided_feedback ... 
2026-09-09 17:28:49,650 33 INFO sf_rc_validation odoo.addons.base.models.res_users: Login successful for login:public.registration.club@example.com from n/a 
2026-09-09 17:28:49,657 33 INFO sf_rc_validation odoo.addons.base.models.ir_http: Generating routing map for key 1 
2026-09-09 17:28:50,054 33 INFO sf_rc_validation werkzeug: 127.0.0.1 - - [09/Sep/2026 17:28:50] "GET /competitions/public-registration-2026/register?division_id=288 HTTP/1.1" 200 - 97 0.037 0.362
2026-09-09 17:28:50,068 33 INFO sf_rc_validation werkzeug: 127.0.0.1 - - [09/Sep/2026 17:28:50] "POST /competitions/public-registration-2026/register?division_id=288 HTTP/1.1" 303 - 11 0.003 0.007
2026-09-09 17:28:50,095 33 INFO sf_rc_validation werkzeug: 127.0.0.1 - - [09/Sep/2026 17:28:50] "GET /competitions/public-registration-2026/register?division_id=288&error=This+division+has+reached+its+entry+capacity. HTTP/1.1" 200 - 20 0.006 0.020
2026-09-09 17:28:50,097 33 INFO sf_rc_validation odoo.addons.sports_federation_public_site.tests.test_http_smoke: Starting TestPublicSiteHttpSmoke.test_hidden_season_detail_routes_fail_closed ... 
2026-09-09 17:28:50,101 33 INFO sf_rc_validation odoo.addons.base.models.ir_http: Generating routing map for key 1 
2026-09-09 17:28:50,468 33 INFO sf_rc_validation werkzeug: 127.0.0.1 - - [09/Sep/2026 17:28:50] "GET /seasons/hidden-public-smoke-season HTTP/1.1" 404 - 94 0.033 0.336
2026-09-09 17:28:50,490 33 INFO sf_rc_validation werkzeug: 127.0.0.1 - - [09/Sep/2026 17:28:50] "GET /season/288 HTTP/1.1" 404 - 11 0.003 0.016
2026-09-09 17:28:50,492 33 INFO sf_rc_validation odoo.addons.sports_federation_public_site.tests.test_http_smoke: Starting TestPublicSiteHttpSmoke.test_hidden_team_profile_and_follow_routes_fail_closed ... 
2026-09-09 17:28:50,495 33 INFO sf_rc_validation odoo.addons.base.models.ir_http: Generating routing map for key 1 
2026-09-09 17:28:50,857 33 INFO sf_rc_validation werkzeug: 127.0.0.1 - - [09/Sep/2026 17:28:50] "GET /teams/hidden-follow-smoke-team HTTP/1.1" 404 - 94 0.034 0.329
2026-09-09 17:28:50,879 33 INFO sf_rc_validation werkzeug: 127.0.0.1 - - [09/Sep/2026 17:28:50] "GET /teams/hidden-follow-smoke-team/schedule HTTP/1.1" 404 - 11 0.004 0.016
2026-09-09 17:28:50,901 33 INFO sf_rc_validation werkzeug: 127.0.0.1 - - [09/Sep/2026 17:28:50] "GET /teams/hidden-follow-smoke-team/results HTTP/1.1" 404 - 11 0.004 0.016
2026-09-09 17:28:50,907 33 INFO sf_rc_validation werkzeug: 127.0.0.1 - - [09/Sep/2026 17:28:50] "GET /teams/hidden-follow-smoke-team/schedule.ics HTTP/1.1" 404 - 1 0.001 0.003
2026-09-09 17:28:50,916 33 INFO sf_rc_validation werkzeug: 127.0.0.1 - - [09/Sep/2026 17:28:50] "GET /api/v1/teams/hidden-follow-smoke-team/feed HTTP/1.1" 404 - 7 0.003 0.005
2026-09-09 17:28:50,917 33 INFO sf_rc_validation odoo.addons.sports_federation_public_site.tests.test_http_smoke: Starting TestPublicSiteHttpSmoke.test_published_tournament_detail_page_renders ... 
2026-09-09 17:28:50,921 33 INFO sf_rc_validation odoo.addons.base.models.ir_http: Generating routing map for key 1 
2026-09-09 17:28:51,298 33 INFO sf_rc_validation werkzeug: 127.0.0.1 - - [09/Sep/2026 17:28:51] "GET /competitions/public-registration-2026?division_id=286 HTTP/1.1" 200 - 101 0.034 0.344
2026-09-09 17:28:51,301 33 INFO sf_rc_validation odoo.addons.sports_federation_public_site.tests.test_http_smoke: Starting TestPublicSiteHttpSmoke.test_wrong_role_registration_page_shows_guided_feedback ... 
2026-09-09 17:28:51,306 33 INFO sf_rc_validation odoo.addons.base.models.res_users: Login successful for login:wrong.role.registration@example.com from n/a 
2026-09-09 17:28:51,313 33 INFO sf_rc_validation odoo.addons.base.models.ir_http: Generating routing map for key 1 
2026-09-09 17:28:51,681 33 INFO sf_rc_validation werkzeug: 127.0.0.1 - - [09/Sep/2026 17:28:51] "GET /competitions/public-registration-2026/register?division_id=286 HTTP/1.1" 200 - 97 0.033 0.336
2026-09-09 17:28:51,685 33 INFO sf_rc_validation odoo.addons.base.models.ir_attachment: filestore gc 0 checked, 0 removed 
2026-09-09 17:28:51,702 33 INFO sf_rc_validation odoo.addons.sports_federation_public_site.tests.test_player_pages: Starting TestPlayerPublicPages.test_hidden_player_detail_returns_404 ... 
2026-09-09 17:28:51,705 33 INFO sf_rc_validation odoo.addons.base.models.ir_http: Generating routing map for key 1 
2026-09-09 17:28:52,157 33 INFO sf_rc_validation werkzeug: 127.0.0.1 - - [09/Sep/2026 17:28:52] "GET /players/player-smoke-hidden HTTP/1.1" 404 - 93 0.033 0.420
2026-09-09 17:28:52,159 33 INFO sf_rc_validation odoo.addons.sports_federation_public_site.tests.test_player_pages: Starting TestPlayerPublicPages.test_hidden_player_not_in_list ... 
2026-09-09 17:28:52,161 33 INFO sf_rc_validation odoo.addons.base.models.ir_http: Generating routing map for key 1 
2026-09-09 17:28:52,532 33 INFO sf_rc_validation werkzeug: 127.0.0.1 - - [09/Sep/2026 17:28:52] "GET /players HTTP/1.1" 200 - 95 0.034 0.339
2026-09-09 17:28:52,534 33 INFO sf_rc_validation odoo.addons.sports_federation_public_site.tests.test_player_pages: Starting TestPlayerPublicPages.test_players_list_returns_200 ... 
2026-09-09 17:28:52,537 33 INFO sf_rc_validation odoo.addons.base.models.ir_http: Generating routing map for key 1 
2026-09-09 17:28:52,912 33 INFO sf_rc_validation werkzeug: 127.0.0.1 - - [09/Sep/2026 17:28:52] "GET /players HTTP/1.1" 200 - 95 0.033 0.343
2026-09-09 17:28:52,913 33 INFO sf_rc_validation odoo.addons.sports_federation_public_site.tests.test_player_pages: Starting TestPlayerPublicPages.test_public_player_appears_in_list ... 
2026-09-09 17:28:52,916 33 INFO sf_rc_validation odoo.addons.base.models.ir_http: Generating routing map for key 1 
2026-09-09 17:28:53,291 33 INFO sf_rc_validation werkzeug: 127.0.0.1 - - [09/Sep/2026 17:28:53] "GET /players HTTP/1.1" 200 - 95 0.032 0.343
2026-09-09 17:28:53,293 33 INFO sf_rc_validation odoo.addons.sports_federation_public_site.tests.test_player_pages: Starting TestPlayerPublicPages.test_public_player_detail_returns_200 ... 
2026-09-09 17:28:53,295 33 INFO sf_rc_validation odoo.addons.base.models.ir_http: Generating routing map for key 1 
2026-09-09 17:28:53,678 33 INFO sf_rc_validation werkzeug: 127.0.0.1 - - [09/Sep/2026 17:28:53] "GET /players/player-smoke-public HTTP/1.1" 200 - 97 0.034 0.349
2026-09-09 17:28:53,680 33 INFO sf_rc_validation odoo.addons.base.models.ir_attachment: filestore gc 0 checked, 0 removed 
2026-09-09 17:28:53,681 33 INFO sf_rc_validation odoo.addons.sports_federation_portal.tests.test_competition_portal: Starting TestPortalcurrentContract.test_competition_query_services_are_registered ... 
2026-09-09 17:28:53,682 33 INFO sf_rc_validation odoo.addons.sports_federation_portal.tests.test_competition_portal: Starting TestPortalcurrentContract.test_competition_templates_are_loaded ... 
2026-09-09 17:28:53,684 33 INFO sf_rc_validation odoo.addons.sports_federation_portal.tests.test_competition_portal: Starting TestPortalcurrentContract.test_legacy_workspace_templates_are_not_loaded ... 
2026-09-09 17:28:53,685 33 INFO sf_rc_validation odoo.addons.sports_federation_portal.tests.test_competition_portal: Starting TestPortalcurrentContract.test_portal_manifest_uses_competition_owners ... 
2026-09-09 17:28:53,688 33 INFO sf_rc_validation odoo.addons.base.models.ir_attachment: filestore gc 0 checked, 0 removed 
2026-09-09 17:28:53,690 33 INFO sf_rc_validation odoo.addons.sports_federation_portal.tests.test_http_smoke: Starting TestPortalHttpSmoke.test_web_login_get_renders_login_page ... 
2026-09-09 17:28:53,693 33 INFO sf_rc_validation odoo.addons.base.models.ir_http: Generating routing map for key 1 
2026-09-09 17:28:54,066 33 INFO sf_rc_validation werkzeug: 127.0.0.1 - - [09/Sep/2026 17:28:54] "GET /web/login HTTP/1.1" 200 - 93 0.033 0.341
2026-09-09 17:28:54,068 33 INFO sf_rc_validation odoo.addons.sports_federation_portal.tests.test_http_smoke: Starting TestPortalHttpSmoke.test_web_login_recovers_from_stale_csrf_submission ... 
2026-09-09 17:28:54,071 33 INFO sf_rc_validation odoo.addons.base.models.ir_http: Generating routing map for key 1 
2026-09-09 17:28:54,106 33 INFO sf_rc_validation werkzeug: 127.0.0.1 - - [09/Sep/2026 17:28:54] "POST /web/login HTTP/1.1" 303 - 20 0.005 0.031
2026-09-09 17:28:54,442 33 INFO sf_rc_validation werkzeug: 127.0.0.1 - - [09/Sep/2026 17:28:54] "GET /web/login?login=portal.login.smoke@example.com&session_expired=1 HTTP/1.1" 200 - 73 0.028 0.307
2026-09-09 17:28:54,445 33 INFO sf_rc_validation odoo.addons.base.models.ir_attachment: filestore gc 0 checked, 0 removed 
2026-09-09 17:28:54,817 33 INFO sf_rc_validation odoo.addons.sports_federation_portal.tests.test_http_smoke: Starting TestPortalWorkflowHttpSmoke.test_my_players_empty_state_and_create_flow ... 
2026-09-09 17:28:54,822 33 INFO sf_rc_validation odoo.addons.base.models.res_users: Login successful for login:portal.team.smoke@example.com from n/a 
2026-09-09 17:28:54,827 33 INFO sf_rc_validation odoo.addons.base.models.ir_http: Generating routing map for key 1 
2026-09-09 17:28:55,198 33 INFO sf_rc_validation werkzeug: 127.0.0.1 - - [09/Sep/2026 17:28:55] "GET /my/players HTTP/1.1" 200 - 89 0.032 0.341
2026-09-09 17:28:55,254 33 INFO sf_rc_validation werkzeug: 127.0.0.1 - - [09/Sep/2026 17:28:55] "GET /my/players/new HTTP/1.1" 200 - 26 0.015 0.040
2026-09-09 17:28:55,282 33 INFO sf_rc_validation werkzeug: 127.0.0.1 - - [09/Sep/2026 17:28:55] "POST /my/players/new HTTP/1.1" 303 - 32 0.009 0.016
2026-09-09 17:28:55,301 33 INFO sf_rc_validation werkzeug: 127.0.0.1 - - [09/Sep/2026 17:28:55] "GET /my/players?success=Player+added+successfully HTTP/1.1" 200 - 12 0.003 0.015
2026-09-09 17:28:55,303 33 INFO sf_rc_validation odoo.addons.sports_federation_portal.tests.test_http_smoke: Starting TestPortalWorkflowHttpSmoke.test_my_players_list_renders_with_existing_players ... 
2026-09-09 17:28:55,322 33 INFO sf_rc_validation odoo.addons.base.models.res_users: Login successful for login:portal.team.smoke@example.com from n/a 
2026-09-09 17:28:55,327 33 INFO sf_rc_validation odoo.addons.base.models.ir_http: Generating routing map for key 1 
2026-09-09 17:28:55,704 33 INFO sf_rc_validation werkzeug: 127.0.0.1 - - [09/Sep/2026 17:28:55] "GET /my/players HTTP/1.1" 200 - 97 0.034 0.344
2026-09-09 17:28:55,724 33 INFO sf_rc_validation werkzeug: 127.0.0.1 - - [09/Sep/2026 17:28:55] "GET /my/players?state=active HTTP/1.1" 200 - 12 0.003 0.015
2026-09-09 17:28:55,726 33 INFO sf_rc_validation odoo.addons.sports_federation_portal.tests.test_http_smoke: Starting TestPortalWorkflowHttpSmoke.test_my_teams_empty_state_and_create_flow ... 
2026-09-09 17:28:55,731 33 INFO sf_rc_validation odoo.addons.base.models.res_users: Login successful for login:portal.team.smoke@example.com from n/a 
2026-09-09 17:28:55,737 33 INFO sf_rc_validation odoo.addons.base.models.ir_http: Generating routing map for key 1 
2026-09-09 17:28:56,112 33 INFO sf_rc_validation werkzeug: 127.0.0.1 - - [09/Sep/2026 17:28:56] "GET /my/teams HTTP/1.1" 200 - 96 0.034 0.342
2026-09-09 17:28:56,172 33 INFO sf_rc_validation werkzeug: 127.0.0.1 - - [09/Sep/2026 17:28:56] "GET /my/teams/new HTTP/1.1" 200 - 27 0.015 0.043
2026-09-09 17:28:56,189 33 INFO sf_rc_validation werkzeug: 127.0.0.1 - - [09/Sep/2026 17:28:56] "POST /my/teams/new HTTP/1.1" 303 - 22 0.006 0.009
2026-09-09 17:28:56,208 33 INFO sf_rc_validation werkzeug: 127.0.0.1 - - [09/Sep/2026 17:28:56] "GET /my/teams?success=Team+created+successfully HTTP/1.1" 200 - 12 0.003 0.014
2026-09-09 17:28:56,210 33 INFO sf_rc_validation odoo.addons.sports_federation_portal.tests.test_http_smoke: Starting TestPortalWorkflowHttpSmoke.test_officiating_response_flow_renders_success ... 
2026-09-09 17:28:56,215 33 INFO sf_rc_validation odoo.addons.base.models.res_users: Login successful for login:portal.official.smoke@example.com from n/a 
2026-09-09 17:28:56,221 33 INFO sf_rc_validation odoo.addons.base.models.ir_http: Generating routing map for key 1 
2026-09-09 17:28:56,703 33 INFO sf_rc_validation werkzeug: 127.0.0.1 - - [09/Sep/2026 17:28:56] "GET /my/referee-assignments HTTP/1.1" 200 - 108 0.037 0.446
2026-09-09 17:28:56,778 33 INFO sf_rc_validation werkzeug: 127.0.0.1 - - [09/Sep/2026 17:28:56] "GET /my/referee-assignments/196 HTTP/1.1" 200 - 38 0.018 0.056
2026-09-09 17:28:56,798 33 INFO sf_rc_validation werkzeug: 127.0.0.1 - - [09/Sep/2026 17:28:56] "POST /my/referee-assignments/196/respond HTTP/1.1" 303 - 30 0.007 0.011
2026-09-09 17:28:56,824 33 INFO sf_rc_validation werkzeug: 127.0.0.1 - - [09/Sep/2026 17:28:56] "GET /my/referee-assignments/196?success=Assignment+confirmed. HTTP/1.1" 200 - 22 0.006 0.018
2026-09-09 17:28:56,826 33 INFO sf_rc_validation odoo.addons.sports_federation_portal.tests.test_http_smoke: Starting TestPortalWorkflowHttpSmoke.test_portal_error_hint_displayed_on_validation_error ... 
2026-09-09 17:28:56,968 33 INFO sf_rc_validation odoo.addons.base.models.res_users: Login successful for login:portal.season.smoke@example.com from n/a 
2026-09-09 17:28:56,973 33 INFO sf_rc_validation odoo.addons.base.models.ir_http: Generating routing map for key 1 
2026-09-09 17:28:57,368 33 INFO sf_rc_validation werkzeug: 127.0.0.1 - - [09/Sep/2026 17:28:57] "GET /my/rosters?error=Some+error&error_hint=Ensure+the+registration+is+confirmed+and+a+roster+has+not+already+been+created+for+this+team. HTTP/1.1" 200 - 106 0.036 0.359
2026-09-09 17:28:57,369 33 INFO sf_rc_validation odoo.addons.sports_federation_portal.tests.test_http_smoke: Starting TestPortalWorkflowHttpSmoke.test_roster_routes_hide_foreign_rosters_and_lines ... 
2026-09-09 17:28:57,507 33 INFO sf_rc_validation odoo.addons.base.models.res_users: Login successful for login:portal.team.smoke@example.com from n/a 
2026-09-09 17:28:57,512 33 INFO sf_rc_validation odoo.addons.base.models.ir_http: Generating routing map for key 1 
2026-09-09 17:28:57,877 33 INFO sf_rc_validation werkzeug: 127.0.0.1 - - [09/Sep/2026 17:28:57] "GET /my/rosters/305 HTTP/1.1" 403 - 90 0.032 0.335
2026-09-09 17:28:57,881 33 INFO sf_rc_validation odoo.addons.base.models.res_users: Login successful for login:portal.season.smoke@example.com from n/a 
2026-09-09 17:28:57,908 33 INFO sf_rc_validation werkzeug: 127.0.0.1 - - [09/Sep/2026 17:28:57] "GET /my/rosters/305/lines/139/edit HTTP/1.1" 403 - 20 0.006 0.017
2026-09-09 17:28:57,909 33 INFO sf_rc_validation odoo.addons.sports_federation_portal.tests.test_http_smoke: Starting TestPortalWorkflowHttpSmoke.test_roster_workspace_and_match_day_routes_render_successfully ... 
2026-09-09 17:28:58,045 33 INFO sf_rc_validation odoo.addons.base.models.res_users: Login successful for login:portal.season.smoke@example.com from n/a 
2026-09-09 17:28:58,049 33 INFO sf_rc_validation odoo.addons.base.models.ir_http: Generating routing map for key 1 
2026-09-09 17:28:58,442 33 INFO sf_rc_validation werkzeug: 127.0.0.1 - - [09/Sep/2026 17:28:58] "GET /my/rosters HTTP/1.1" 200 - 106 0.036 0.358
2026-09-09 17:28:58,462 33 INFO sf_rc_validation werkzeug: 127.0.0.1 - - [09/Sep/2026 17:28:58] "POST /my/rosters/create/108 HTTP/1.1" 303 - 28 0.007 0.011
2026-09-09 17:28:58,557 33 INFO sf_rc_validation werkzeug: 127.0.0.1 - - [09/Sep/2026 17:28:58] "GET /my/rosters/309?success=Roster+ready+for+editing+in+the+portal. HTTP/1.1" 200 - 39 0.017 0.076
2026-09-09 17:28:58,622 33 INFO sf_rc_validation werkzeug: 127.0.0.1 - - [09/Sep/2026 17:28:58] "GET /my/match-sheets HTTP/1.1" 200 - 32 0.016 0.047
2026-09-09 17:28:58,736 33 INFO sf_rc_validation werkzeug: 127.0.0.1 - - [09/Sep/2026 17:28:58] "GET /my/match-sheets/2019 HTTP/1.1" 200 - 48 0.020 0.092
2026-09-09 17:28:58,753 33 INFO sf_rc_validation werkzeug: 127.0.0.1 - - [09/Sep/2026 17:28:58] "POST /my/match-sheets/2019/prep HTTP/1.1" 303 - 23 0.005 0.010
2026-09-09 17:28:58,784 33 INFO sf_rc_validation werkzeug: 127.0.0.1 - - [09/Sep/2026 17:28:58] "GET /my/match-sheets/2019?success=Match-day+preparation+saved. HTTP/1.1" 200 - 30 0.007 0.021
2026-09-09 17:28:58,848 33 INFO sf_rc_validation werkzeug: 127.0.0.1 - - [09/Sep/2026 17:28:58] "GET /my/match-day HTTP/1.1" 200 - 33 0.017 0.045
2026-09-09 17:28:58,849 33 INFO sf_rc_validation odoo.addons.sports_federation_portal.tests.test_http_smoke: Starting TestPortalWorkflowHttpSmoke.test_route_inventory_lists_smoke_covered_portal_routes ... 
2026-09-09 17:28:58,850 33 INFO sf_rc_validation odoo.addons.sports_federation_portal.tests.test_http_smoke: Starting TestPortalWorkflowHttpSmoke.test_season_registration_submit_flow_renders_success ... 
2026-09-09 17:28:58,855 33 INFO sf_rc_validation odoo.addons.base.models.res_users: Login successful for login:portal.season.smoke@example.com from n/a 
2026-09-09 17:28:58,861 33 INFO sf_rc_validation odoo.addons.base.models.ir_http: Generating routing map for key 1 
2026-09-09 17:28:59,252 33 INFO sf_rc_validation werkzeug: 127.0.0.1 - - [09/Sep/2026 17:28:59] "GET /my/season-registrations HTTP/1.1" 200 - 97 0.034 0.358
2026-09-09 17:28:59,324 33 INFO sf_rc_validation werkzeug: 127.0.0.1 - - [09/Sep/2026 17:28:59] "GET /my/season-registration/new HTTP/1.1" 200 - 30 0.017 0.052
2026-09-09 17:28:59,351 33 INFO sf_rc_validation werkzeug: 127.0.0.1 - - [09/Sep/2026 17:28:59] "POST /my/season-registration/new HTTP/1.1" 303 - 38 0.009 0.016
2026-09-09 17:28:59,374 33 INFO sf_rc_validation werkzeug: 127.0.0.1 - - [09/Sep/2026 17:28:59] "GET /my/season-registrations?success=Season+registration+submitted HTTP/1.1" 200 - 15 0.004 0.017
2026-09-09 17:28:59,378 33 INFO sf_rc_validation odoo.addons.base.models.ir_attachment: filestore gc 0 checked, 0 removed 
2026-09-09 17:28:59,381 33 INFO sf_rc_validation odoo.addons.sports_federation_portal.tests.test_template_accessibility: Starting TestPortalTemplateAccessibility.test_accessible_error_recovery_and_modal_focus_asset_is_registered ... 
2026-09-09 17:28:59,382 33 INFO sf_rc_validation odoo.addons.sports_federation_portal.tests.test_template_accessibility: Starting TestPortalTemplateAccessibility.test_core_portal_feedback_uses_alert_roles ... 
2026-09-09 17:28:59,384 33 INFO sf_rc_validation odoo.addons.sports_federation_portal.tests.test_template_accessibility: Starting TestPortalTemplateAccessibility.test_core_portal_forms_have_explicit_labels ... 
2026-09-09 17:28:59,385 33 INFO sf_rc_validation odoo.addons.sports_federation_portal.tests.test_template_accessibility: Starting TestPortalTemplateAccessibility.test_core_portal_tables_have_captions_and_header_scope ... 
2026-09-09 17:28:59,386 33 INFO sf_rc_validation odoo.addons.sports_federation_portal.tests.test_template_accessibility: Starting TestPortalTemplateAccessibility.test_data_api_tutorial_explains_privacy_and_examples ... 
2026-09-09 17:28:59,387 33 INFO sf_rc_validation odoo.addons.sports_federation_portal.tests.test_template_accessibility: Starting TestPortalTemplateAccessibility.test_operational_portal_feedback_uses_alert_roles ... 
2026-09-09 17:28:59,388 33 INFO sf_rc_validation odoo.addons.sports_federation_portal.tests.test_template_accessibility: Starting TestPortalTemplateAccessibility.test_operational_portal_forms_have_explicit_labels ... 
2026-09-09 17:28:59,390 33 INFO sf_rc_validation odoo.addons.sports_federation_portal.tests.test_template_accessibility: Starting TestPortalTemplateAccessibility.test_operational_portal_tables_have_captions_and_header_scope ... 
2026-09-09 17:28:59,393 33 INFO sf_rc_validation odoo.addons.sports_federation_portal.tests.test_template_accessibility: Starting TestPortalTemplateAccessibility.test_portal_styles_expose_non_color_keyboard_focus ... 
2026-09-09 17:28:59,394 33 INFO sf_rc_validation odoo.addons.sports_federation_portal.tests.test_template_accessibility: Starting TestPortalTemplateAccessibility.test_portal_templates_use_human_state_labels ... 
2026-09-09 17:28:59,398 33 INFO sf_rc_validation odoo.addons.base.models.ir_attachment: filestore gc 0 checked, 0 removed 
2026-09-09 17:28:59,401 33 INFO sf_rc_validation odoo.addons.sports_federation_portal.tests.test_template_mobile: Starting TestPortalTemplateMobile.test_core_portal_no_table_fixed_width ... 
2026-09-09 17:28:59,403 33 INFO sf_rc_validation odoo.addons.sports_federation_portal.tests.test_template_mobile: Starting TestPortalTemplateMobile.test_core_portal_wide_tables_wrapped ... 
2026-09-09 17:28:59,404 33 INFO sf_rc_validation odoo.addons.sports_federation_portal.tests.test_template_mobile: Starting TestPortalTemplateMobile.test_officiating_portal_action_groups_wrap ... 
2026-09-09 17:28:59,405 33 INFO sf_rc_validation odoo.addons.sports_federation_portal.tests.test_template_mobile: Starting TestPortalTemplateMobile.test_officiating_portal_wide_tables_wrapped ... 
2026-09-09 17:28:59,406 33 INFO sf_rc_validation odoo.addons.sports_federation_portal.tests.test_template_mobile: Starting TestPortalTemplateMobile.test_roster_portal_action_groups_wrap ... 
2026-09-09 17:28:59,408 33 INFO sf_rc_validation odoo.addons.sports_federation_portal.tests.test_template_mobile: Starting TestPortalTemplateMobile.test_roster_portal_no_table_fixed_width ... 
2026-09-09 17:28:59,409 33 INFO sf_rc_validation odoo.addons.sports_federation_portal.tests.test_template_mobile: Starting TestPortalTemplateMobile.test_roster_portal_wide_tables_wrapped ... 
2026-09-09 17:28:59,411 33 INFO sf_rc_validation odoo.addons.sports_federation_portal.tests.test_template_mobile: Starting TestPortalTemplateMobile.test_workspace_portal_wide_tables_wrapped ... 
2026-09-09 17:28:59,413 33 INFO sf_rc_validation odoo.addons.base.models.ir_attachment: filestore gc 0 checked, 0 removed 
2026-09-09 17:28:59,511 33 INFO sf_rc_validation odoo.addons.sports_federation_compliance.tests.test_http_smoke: Starting TestComplianceHttpSmoke.test_compliance_detail_route_supports_dotted_target_models ... 
2026-09-09 17:28:59,530 33 INFO sf_rc_validation odoo.addons.base.models.res_users: Login successful for login:compliance.smoke@example.com from n/a 
2026-09-09 17:28:59,536 33 INFO sf_rc_validation odoo.addons.base.models.ir_http: Generating routing map for key 1 
2026-09-09 17:28:59,947 33 INFO sf_rc_validation werkzeug: 127.0.0.1 - - [09/Sep/2026 17:28:59] "GET /my/compliance HTTP/1.1" 200 - 107 0.041 0.371
2026-09-09 17:29:00,039 33 INFO sf_rc_validation werkzeug: 127.0.0.1 - - [09/Sep/2026 17:29:00] "GET /my/compliance/39/federation.club/410 HTTP/1.1" 200 - 44 0.021 0.069
2026-09-09 17:29:00,042 33 INFO sf_rc_validation odoo.addons.sports_federation_compliance.tests.test_http_smoke: Starting TestComplianceHttpSmoke.test_compliance_submit_route_handles_stale_csrf ... 
2026-09-09 17:29:00,054 33 INFO sf_rc_validation odoo.addons.base.models.res_users: Login successful for login:compliance.smoke@example.com from n/a 
2026-09-09 17:29:00,061 33 INFO sf_rc_validation odoo.addons.base.models.ir_http: Generating routing map for key 1 
2026-09-09 17:29:00,099 33 INFO sf_rc_validation werkzeug: 127.0.0.1 - - [09/Sep/2026 17:29:00] "POST /my/compliance/39/federation.club/410/submit HTTP/1.1" 303 - 20 0.005 0.034
2026-09-09 17:29:00,468 33 INFO sf_rc_validation werkzeug: 127.0.0.1 - - [09/Sep/2026 17:29:00] "GET /my/compliance/39/federation.club/410?error=Your+session+expired.+Refresh+the+page+and+try+again. HTTP/1.1" 200 - 93 0.034 0.333
2026-09-09 17:29:00,469 33 INFO sf_rc_validation odoo.addons.sports_federation_compliance.tests.test_http_smoke: Starting TestComplianceHttpSmoke.test_route_inventory_lists_smoke_covered_compliance_routes ... 
2026-09-09 17:29:00,472 33 INFO sf_rc_validation odoo.addons.base.models.ir_attachment: filestore gc 0 checked, 0 removed 
2026-09-09 17:29:00,499 33 INFO sf_rc_validation odoo.addons.sports_federation_finance_bridge.tests.test_browser_finance_bridge: Starting TestBrowserFinanceBridge.test_finance_bridge_browser_lifecycle ... 
2026-09-09 17:29:00,719 33 INFO sf_rc_validation odoo.addons.sports_federation_finance_bridge.tests.test_browser_finance_bridge.TestBrowserFinanceBridge.test_finance_bridge_browser_lifecycle: Chrome pid: 306 
2026-09-09 17:29:00,719 33 INFO sf_rc_validation odoo.addons.sports_federation_finance_bridge.tests.test_browser_finance_bridge.TestBrowserFinanceBridge.test_finance_bridge_browser_lifecycle: Chrome headless temporary user profile dir: /tmp/tmpuf3mobgh_chrome_odoo 
2026-09-09 17:29:00,719 33 INFO sf_rc_validation odoo.addons.sports_federation_finance_bridge.tests.test_browser_finance_bridge.TestBrowserFinanceBridge.test_finance_bridge_browser_lifecycle: Issuing json command http://127.0.0.1:44109/json/version 
2026-09-09 17:29:00,720 33 INFO sf_rc_validation odoo.tests.common.requests: request SplitResult(scheme='http', netloc='127.0.0.1:44109', path='/json/version', query='', fragment='') with timeout 3 increased to 10s during tests 
2026-09-09 17:29:00,774 33 INFO sf_rc_validation odoo.addons.sports_federation_finance_bridge.tests.test_browser_finance_bridge.TestBrowserFinanceBridge.test_finance_bridge_browser_lifecycle: Browser version: Chrome/153.0.8010.36 
2026-09-09 17:29:00,774 33 INFO sf_rc_validation odoo.addons.sports_federation_finance_bridge.tests.test_browser_finance_bridge.TestBrowserFinanceBridge.test_finance_bridge_browser_lifecycle: Issuing json command http://127.0.0.1:44109/json 
2026-09-09 17:29:00,774 33 INFO sf_rc_validation odoo.tests.common.requests: request SplitResult(scheme='http', netloc='127.0.0.1:44109', path='/json', query='', fragment='') with timeout 3 increased to 10s during tests 
2026-09-09 17:29:00,801 33 INFO sf_rc_validation odoo.addons.sports_federation_finance_bridge.tests.test_browser_finance_bridge.TestBrowserFinanceBridge.test_finance_bridge_browser_lifecycle: Websocket url found: ws://127.0.0.1:44109/devtools/page/C7A785F1B88D0E3824507E36696D4FCA 
2026-09-09 17:29:00,810 33 INFO sf_rc_validation odoo.addons.sports_federation_finance_bridge.tests.test_browser_finance_bridge.TestBrowserFinanceBridge.test_finance_bridge_browser_lifecycle: Enable chrome headless console log notification 
2026-09-09 17:29:00,822 33 INFO sf_rc_validation odoo.addons.sports_federation_finance_bridge.tests.test_browser_finance_bridge.TestBrowserFinanceBridge.test_finance_bridge_browser_lifecycle: Chrome headless enable page notifications 
2026-09-09 17:29:07,429 33 INFO sf_rc_validation odoo.addons.base.models.res_users: Login successful for login:admin from n/a 
2026-09-09 17:29:07,471 33 INFO sf_rc_validation odoo.addons.sports_federation_finance_bridge.tests.test_browser_finance_bridge.TestBrowserFinanceBridge.test_finance_bridge_browser_lifecycle: Setting session cookie in browser 
2026-09-09 17:29:07,472 33 INFO sf_rc_validation odoo.addons.sports_federation_finance_bridge.tests.test_browser_finance_bridge.TestBrowserFinanceBridge.test_finance_bridge_browser_lifecycle: Open "http://127.0.0.1:8069/odoo/action-sports_federation_finance_bridge.action_federation_finance_event/132" in browser 
2026-09-09 17:29:07,472 33 INFO sf_rc_validation odoo.addons.sports_federation_finance_bridge.tests.test_browser_finance_bridge.TestBrowserFinanceBridge.test_finance_bridge_browser_lifecycle: Navigating to: "http://127.0.0.1:8069/odoo/action-sports_federation_finance_bridge.action_federation_finance_event/132" 
2026-09-09 17:29:07,483 33 INFO sf_rc_validation odoo.addons.base.models.ir_http: Generating routing map for key 1 
2026-09-09 17:29:08,013 33 INFO sf_rc_validation werkzeug: 127.0.0.1 - - [09/Sep/2026 17:29:08] "GET /odoo/action-sports_federation_finance_bridge.action_federation_finance_event/132 HTTP/1.1" 200 - 141 0.042 0.491
2026-09-09 17:29:08,015 33 INFO sf_rc_validation odoo.addons.sports_federation_finance_bridge.tests.test_browser_finance_bridge.TestBrowserFinanceBridge.test_finance_bridge_browser_lifecycle: Navigation result: {'frameId': 'C7A785F1B88D0E3824507E36696D4FCA', 'loaderId': 'DB5B062B3E65D25248DAB3C5DF99BB2C', 'isDownload': False} 
2026-09-09 17:29:08,015 33 INFO sf_rc_validation odoo.addons.sports_federation_finance_bridge.tests.test_browser_finance_bridge.TestBrowserFinanceBridge.test_finance_bridge_browser_lifecycle: Evaluate ready code "odoo.isTourReady('finance_bridge_browser_lifecycle')" 
2026-09-09 17:29:08,045 33 ERROR sf_rc_validation odoo.http: Exception during request handling. 
Traceback (most recent call last):
  File "/usr/lib/python3/dist-packages/odoo/http.py", line 2825, in __call__
    response = request._serve_db()
               ^^^^^^^^^^^^^^^^^^^
  File "/usr/lib/python3/dist-packages/odoo/http.py", line 2280, in _serve_db
    raise self._update_served_exception(exc)
  File "/usr/lib/python3/dist-packages/odoo/http.py", line 2272, in _serve_db
    return service_model.retrying(serve_func, env=self.env)
           ^^^^^^^^^^^^^^^^^^^^^^^^^^^^^^^^^^^^^^^^^^^^^^^^
  File "/usr/lib/python3/dist-packages/odoo/service/model.py", line 188, in retrying
    result = func()
             ^^^^^^
  File "/usr/lib/python3/dist-packages/odoo/http.py", line 2353, in _serve_ir_http
    response = self.dispatcher.dispatch(rule.endpoint, args)
               ^^^^^^^^^^^^^^^^^^^^^^^^^^^^^^^^^^^^^^^^^^^^^
  File "/usr/lib/python3/dist-packages/odoo/http.py", line 2475, in dispatch
    return self.request.registry['ir.http']._dispatch(endpoint)
           ^^^^^^^^^^^^^^^^^^^^^^^^^^^^^^^^^^^^^^^^^^^^^^^^^^^^
  File "/usr/lib/python3/dist-packages/odoo/addons/base/models/ir_http.py", line 355, in _dispatch
    result = endpoint(**request.params)
             ^^^^^^^^^^^^^^^^^^^^^^^^^^
  File "/usr/lib/python3/dist-packages/odoo/http.py", line 808, in route_wrapper
    result = endpoint(self, *args, **params_ok)
             ^^^^^^^^^^^^^^^^^^^^^^^^^^^^^^^^^^
  File "/usr/lib/python3/dist-packages/odoo/addons/web/controllers/binary.py", line 150, in content_assets
    stream = env['ir.binary']._get_stream_from(attachment, 'raw', filename)
             ^^^^^^^^^^^^^^^^^^^^^^^^^^^^^^^^^^^^^^^^^^^^^^^^^^^^^^^^^^^^^^
  File "/usr/lib/python3/dist-packages/odoo/addons/base/models/ir_binary.py", line 124, in _get_stream_from
    stream = self._record_to_stream(record, field_name)
             ^^^^^^^^^^^^^^^^^^^^^^^^^^^^^^^^^^^^^^^^^^
  File "/usr/lib/python3/dist-packages/odoo/addons/base/models/ir_binary.py", line 70, in _record_to_stream
    return record._to_http_stream()
           ^^^^^^^^^^^^^^^^^^^^^^^^
  File "/usr/lib/python3/dist-packages/odoo/addons/base/models/ir_attachment.py", line 921, in _to_http_stream
    stat = os.stat(stream.path)
           ^^^^^^^^^^^^^^^^^^^^
FileNotFoundError: [Errno 2] No such file or directory: '/var/lib/odoo/filestore/sf_rc_validation/c5/c56eb0feffe5377c375b688f1f07fdfda8b943f7'
2026-09-09 17:29:08,047 33 INFO sf_rc_validation werkzeug: 127.0.0.1 - - [09/Sep/2026 17:29:08] "GET /web/assets/b24dc81/web.assets_web.min.js HTTP/1.1" 500 - 2 0.002 0.006
2026-09-09 17:29:08,064 33 INFO sf_rc_validation odoo.addons.base.models.ir_attachment: _read_file reading /var/lib/odoo/filestore/sf_rc_validation/aa/aa2cad94340900f9e642750f42295ca97ab0ec81 
Traceback (most recent call last):
  File "/usr/lib/python3/dist-packages/odoo/addons/base/models/ir_attachment.py", line 151, in _file_read
    with open(full_path, 'rb') as f:
         ^^^^^^^^^^^^^^^^^^^^^
FileNotFoundError: [Errno 2] No such file or directory: '/var/lib/odoo/filestore/sf_rc_validation/aa/aa2cad94340900f9e642750f42295ca97ab0ec81'
2026-09-09 17:29:08,064 33 INFO sf_rc_validation odoo.addons.base.models.ir_attachment: _read_file reading /var/lib/odoo/filestore/sf_rc_validation/74/744fc247b813c44f4cf02357706e88b283cb0f97 
Traceback (most recent call last):
  File "/usr/lib/python3/dist-packages/odoo/addons/base/models/ir_attachment.py", line 151, in _file_read
    with open(full_path, 'rb') as f:
         ^^^^^^^^^^^^^^^^^^^^^
FileNotFoundError: [Errno 2] No such file or directory: '/var/lib/odoo/filestore/sf_rc_validation/74/744fc247b813c44f4cf02357706e88b283cb0f97'
2026-09-09 17:29:08,065 33 INFO sf_rc_validation odoo.addons.base.models.ir_attachment: _read_file reading /var/lib/odoo/filestore/sf_rc_validation/3d/3d7a7360fe4a73a90dd3b4ba554a9254ed61e864 
Traceback (most recent call last):
  File "/usr/lib/python3/dist-packages/odoo/addons/base/models/ir_attachment.py", line 151, in _file_read
    with open(full_path, 'rb') as f:
         ^^^^^^^^^^^^^^^^^^^^^
FileNotFoundError: [Errno 2] No such file or directory: '/var/lib/odoo/filestore/sf_rc_validation/3d/3d7a7360fe4a73a90dd3b4ba554a9254ed61e864'
2026-09-09 17:29:08,065 33 INFO sf_rc_validation odoo.addons.base.models.ir_attachment: _read_file reading /var/lib/odoo/filestore/sf_rc_validation/b7/b73a9deb85def8a1a00e4d545c4f79747d78f487 
Traceback (most recent call last):
  File "/usr/lib/python3/dist-packages/odoo/addons/base/models/ir_attachment.py", line 151, in _file_read
    with open(full_path, 'rb') as f:
         ^^^^^^^^^^^^^^^^^^^^^
FileNotFoundError: [Errno 2] No such file or directory: '/var/lib/odoo/filestore/sf_rc_validation/b7/b73a9deb85def8a1a00e4d545c4f79747d78f487'
2026-09-09 17:29:08,070 33 INFO sf_rc_validation werkzeug: 127.0.0.1 - - [09/Sep/2026 17:29:08] "GET /web/webclient/load_menus HTTP/1.1" 200 - 17 0.008 0.020
2026-09-09 17:29:08,073 33 ERROR sf_rc_validation odoo.http: Exception during request handling. 
Traceback (most recent call last):
  File "/usr/lib/python3/dist-packages/odoo/http.py", line 2825, in __call__
    response = request._serve_db()
               ^^^^^^^^^^^^^^^^^^^
  File "/usr/lib/python3/dist-packages/odoo/http.py", line 2280, in _serve_db
    raise self._update_served_exception(exc)
  File "/usr/lib/python3/dist-packages/odoo/http.py", line 2272, in _serve_db
    return service_model.retrying(serve_func, env=self.env)
           ^^^^^^^^^^^^^^^^^^^^^^^^^^^^^^^^^^^^^^^^^^^^^^^^
  File "/usr/lib/python3/dist-packages/odoo/service/model.py", line 188, in retrying
    result = func()
             ^^^^^^
  File "/usr/lib/python3/dist-packages/odoo/http.py", line 2353, in _serve_ir_http
    response = self.dispatcher.dispatch(rule.endpoint, args)
               ^^^^^^^^^^^^^^^^^^^^^^^^^^^^^^^^^^^^^^^^^^^^^
  File "/usr/lib/python3/dist-packages/odoo/http.py", line 2475, in dispatch
    return self.request.registry['ir.http']._dispatch(endpoint)
           ^^^^^^^^^^^^^^^^^^^^^^^^^^^^^^^^^^^^^^^^^^^^^^^^^^^^
  File "/usr/lib/python3/dist-packages/odoo/addons/base/models/ir_http.py", line 355, in _dispatch
    result = endpoint(**request.params)
             ^^^^^^^^^^^^^^^^^^^^^^^^^^
  File "/usr/lib/python3/dist-packages/odoo/http.py", line 808, in route_wrapper
    result = endpoint(self, *args, **params_ok)
             ^^^^^^^^^^^^^^^^^^^^^^^^^^^^^^^^^^
  File "/usr/lib/python3/dist-packages/odoo/addons/web/controllers/binary.py", line 150, in content_assets
    stream = env['ir.binary']._get_stream_from(attachment, 'raw', filename)
             ^^^^^^^^^^^^^^^^^^^^^^^^^^^^^^^^^^^^^^^^^^^^^^^^^^^^^^^^^^^^^^
  File "/usr/lib/python3/dist-packages/odoo/addons/base/models/ir_binary.py", line 124, in _get_stream_from
    stream = self._record_to_stream(record, field_name)
             ^^^^^^^^^^^^^^^^^^^^^^^^^^^^^^^^^^^^^^^^^^
  File "/usr/lib/python3/dist-packages/odoo/addons/base/models/ir_binary.py", line 70, in _record_to_stream
    return record._to_http_stream()
           ^^^^^^^^^^^^^^^^^^^^^^^^
  File "/usr/lib/python3/dist-packages/odoo/addons/base/models/ir_attachment.py", line 921, in _to_http_stream
    stat = os.stat(stream.path)
           ^^^^^^^^^^^^^^^^^^^^
FileNotFoundError: [Errno 2] No such file or directory: '/var/lib/odoo/filestore/sf_rc_validation/2b/2b52270afae541be3763f567bc75c911c5b0f270'
2026-09-09 17:29:08,074 33 INFO sf_rc_validation werkzeug: 127.0.0.1 - - [09/Sep/2026 17:29:08] "GET /web/assets/35aff31/web.assets_web.min.css HTTP/1.1" 500 - 2 0.001 0.032
2026-09-09 17:29:08,080 33 INFO sf_rc_validation werkzeug: 127.0.0.1 - - [09/Sep/2026 17:29:08] "GET /web/manifest.webmanifest HTTP/1.1" 200 - 7 0.002 0.034
2026-09-09 17:29:08,083 33 ERROR sf_rc_validation odoo.http: Exception during request handling. 
Traceback (most recent call last):
  File "/usr/lib/python3/dist-packages/odoo/http.py", line 2825, in __call__
    response = request._serve_db()
               ^^^^^^^^^^^^^^^^^^^
  File "/usr/lib/python3/dist-packages/odoo/http.py", line 2280, in _serve_db
    raise self._update_served_exception(exc)
  File "/usr/lib/python3/dist-packages/odoo/http.py", line 2272, in _serve_db
    return service_model.retrying(serve_func, env=self.env)
           ^^^^^^^^^^^^^^^^^^^^^^^^^^^^^^^^^^^^^^^^^^^^^^^^
  File "/usr/lib/python3/dist-packages/odoo/service/model.py", line 188, in retrying
    result = func()
             ^^^^^^
  File "/usr/lib/python3/dist-packages/odoo/http.py", line 2353, in _serve_ir_http
    response = self.dispatcher.dispatch(rule.endpoint, args)
               ^^^^^^^^^^^^^^^^^^^^^^^^^^^^^^^^^^^^^^^^^^^^^
  File "/usr/lib/python3/dist-packages/odoo/http.py", line 2475, in dispatch
    return self.request.registry['ir.http']._dispatch(endpoint)
           ^^^^^^^^^^^^^^^^^^^^^^^^^^^^^^^^^^^^^^^^^^^^^^^^^^^^
  File "/usr/lib/python3/dist-packages/odoo/addons/base/models/ir_http.py", line 355, in _dispatch
    result = endpoint(**request.params)
             ^^^^^^^^^^^^^^^^^^^^^^^^^^
  File "/usr/lib/python3/dist-packages/odoo/http.py", line 808, in route_wrapper
    result = endpoint(self, *args, **params_ok)
             ^^^^^^^^^^^^^^^^^^^^^^^^^^^^^^^^^^
  File "/usr/lib/python3/dist-packages/odoo/addons/web/controllers/binary.py", line 150, in content_assets
    stream = env['ir.binary']._get_stream_from(attachment, 'raw', filename)
             ^^^^^^^^^^^^^^^^^^^^^^^^^^^^^^^^^^^^^^^^^^^^^^^^^^^^^^^^^^^^^^
  File "/usr/lib/python3/dist-packages/odoo/addons/base/models/ir_binary.py", line 124, in _get_stream_from
    stream = self._record_to_stream(record, field_name)
             ^^^^^^^^^^^^^^^^^^^^^^^^^^^^^^^^^^^^^^^^^^
  File "/usr/lib/python3/dist-packages/odoo/addons/base/models/ir_binary.py", line 70, in _record_to_stream
    return record._to_http_stream()
           ^^^^^^^^^^^^^^^^^^^^^^^^
  File "/usr/lib/python3/dist-packages/odoo/addons/base/models/ir_attachment.py", line 921, in _to_http_stream
    stat = os.stat(stream.path)
           ^^^^^^^^^^^^^^^^^^^^
FileNotFoundError: [Errno 2] No such file or directory: '/var/lib/odoo/filestore/sf_rc_validation/af/af46cb4bd7450000642fafbe0bb4e27a22c3f38e'
2026-09-09 17:29:08,087 33 INFO sf_rc_validation werkzeug: 127.0.0.1 - - [09/Sep/2026 17:29:08] "GET /web/assets/f6567db/web.assets_tests.min.js HTTP/1.1" 500 - 2 0.001 0.030
2026-09-09 17:29:08,088 33 ERROR sf_rc_validation odoo.http: Exception during request handling. 
Traceback (most recent call last):
  File "/usr/lib/python3/dist-packages/odoo/http.py", line 2825, in __call__
    response = request._serve_db()
               ^^^^^^^^^^^^^^^^^^^
  File "/usr/lib/python3/dist-packages/odoo/http.py", line 2280, in _serve_db
    raise self._update_served_exception(exc)
  File "/usr/lib/python3/dist-packages/odoo/http.py", line 2272, in _serve_db
    return service_model.retrying(serve_func, env=self.env)
           ^^^^^^^^^^^^^^^^^^^^^^^^^^^^^^^^^^^^^^^^^^^^^^^^
  File "/usr/lib/python3/dist-packages/odoo/service/model.py", line 188, in retrying
    result = func()
             ^^^^^^
  File "/usr/lib/python3/dist-packages/odoo/http.py", line 2353, in _serve_ir_http
    response = self.dispatcher.dispatch(rule.endpoint, args)
               ^^^^^^^^^^^^^^^^^^^^^^^^^^^^^^^^^^^^^^^^^^^^^
  File "/usr/lib/python3/dist-packages/odoo/http.py", line 2475, in dispatch
    return self.request.registry['ir.http']._dispatch(endpoint)
           ^^^^^^^^^^^^^^^^^^^^^^^^^^^^^^^^^^^^^^^^^^^^^^^^^^^^
  File "/usr/lib/python3/dist-packages/odoo/addons/base/models/ir_http.py", line 355, in _dispatch
    result = endpoint(**request.params)
             ^^^^^^^^^^^^^^^^^^^^^^^^^^
  File "/usr/lib/python3/dist-packages/odoo/http.py", line 808, in route_wrapper
    result = endpoint(self, *args, **params_ok)
             ^^^^^^^^^^^^^^^^^^^^^^^^^^^^^^^^^^
  File "/usr/lib/python3/dist-packages/odoo/addons/web/controllers/binary.py", line 150, in content_assets
    stream = env['ir.binary']._get_stream_from(attachment, 'raw', filename)
             ^^^^^^^^^^^^^^^^^^^^^^^^^^^^^^^^^^^^^^^^^^^^^^^^^^^^^^^^^^^^^^
  File "/usr/lib/python3/dist-packages/odoo/addons/base/models/ir_binary.py", line 124, in _get_stream_from
    stream = self._record_to_stream(record, field_name)
             ^^^^^^^^^^^^^^^^^^^^^^^^^^^^^^^^^^^^^^^^^^
  File "/usr/lib/python3/dist-packages/odoo/addons/base/models/ir_binary.py", line 70, in _record_to_stream
    return record._to_http_stream()
           ^^^^^^^^^^^^^^^^^^^^^^^^
  File "/usr/lib/python3/dist-packages/odoo/addons/base/models/ir_attachment.py", line 921, in _to_http_stream
    stat = os.stat(stream.path)
           ^^^^^^^^^^^^^^^^^^^^
FileNotFoundError: [Errno 2] No such file or directory: '/var/lib/odoo/filestore/sf_rc_validation/28/28fdff63ca45273fc030bdb7fefd42c06cd4c23c'
2026-09-09 17:29:08,090 33 INFO sf_rc_validation werkzeug: 127.0.0.1 - - [09/Sep/2026 17:29:08] "GET /web/assets/50c216e/web.assets_web_print.min.css HTTP/1.1" 500 - 2 0.001 0.028
2026-09-09 17:29:08,100 33 INFO ? werkzeug: 127.0.0.1 - - [09/Sep/2026 17:29:08] "GET /web/static/img/odoo-icon-192x192.png HTTP/1.1" 200 - 0 0.000 0.001
2026-09-09 17:29:08,103 33 INFO ? werkzeug: 127.0.0.1 - - [09/Sep/2026 17:29:08] "GET /web/static/img/favicon.ico HTTP/1.1" 200 - 0 0.000 0.003
2026-09-09 17:30:08,015 33 INFO sf_rc_validation odoo.addons.sports_federation_finance_bridge.tests.test_browser_finance_bridge.TestBrowserFinanceBridge.test_finance_bridge_browser_lifecycle: Asking for screenshot 
2026-09-09 17:30:08,016 33 INFO sf_rc_validation odoo.addons.sports_federation_finance_bridge.tests.test_browser_finance_bridge.TestBrowserFinanceBridge.test_finance_bridge_browser_lifecycle: Ready code last try result: {'type': 'undefined'} 
2026-09-09 17:30:08,047 33 INFO sf_rc_validation odoo.addons.sports_federation_finance_bridge.tests.test_browser_finance_bridge.TestBrowserFinanceBridge.test_finance_bridge_browser_lifecycle: Closing chrome headless with pid 306 
2026-09-09 17:30:08,048 33 INFO sf_rc_validation odoo.addons.sports_federation_finance_bridge.tests.test_browser_finance_bridge.TestBrowserFinanceBridge.test_finance_bridge_browser_lifecycle: Screenshot in: /tmp/odoo_tests/sf_rc_validation/screenshots/sc_failed_ready_20260909_173008_047047_TestBrowserFinanceBridge.png 
2026-09-09 17:30:08,048 33 INFO sf_rc_validation odoo.addons.sports_federation_finance_bridge.tests.test_browser_finance_bridge.TestBrowserFinanceBridge.test_finance_bridge_browser_lifecycle: Closing websocket connection 
2026-09-09 17:30:08,049 33 INFO sf_rc_validation odoo.addons.sports_federation_finance_bridge.tests.test_browser_finance_bridge.TestBrowserFinanceBridge.test_finance_bridge_browser_lifecycle: Terminating chrome headless with pid 306 
2026-09-09 17:30:09,421 33 INFO sf_rc_validation odoo.addons.sports_federation_finance_bridge.tests.test_browser_finance_bridge.TestBrowserFinanceBridge.test_finance_bridge_browser_lifecycle: Removing chrome user profile "/tmp/tmpuf3mobgh_chrome_odoo" 
2026-09-09 17:30:09,437 33 INFO sf_rc_validation odoo.addons.sports_federation_finance_bridge.tests.test_browser_finance_bridge: ====================================================================== 
2026-09-09 17:30:09,437 33 ERROR sf_rc_validation odoo.addons.sports_federation_finance_bridge.tests.test_browser_finance_bridge: FAIL: TestBrowserFinanceBridge.test_finance_bridge_browser_lifecycle
Traceback (most recent call last):
  File "/mnt/extra-addons/sports_federation_finance_bridge/tests/test_browser_finance_bridge.py", line 61, in test_finance_bridge_browser_lifecycle
    self.start_tour(
  File "/usr/lib/python3/dist-packages/odoo/tests/common.py", line 2563, in start_tour
    self.browser_js(url_path=url_path, code=code, ready=ready, timeout=timeout, success_signal="tour succeeded", **kwargs)
  File "/usr/lib/python3/dist-packages/odoo/tests/common.py", line 2521, in browser_js
    self.assertTrue(browser._wait_ready(ready), 'The ready "%s" code was always falsy' % ready)
AssertionError: False is not true : The ready "odoo.isTourReady('finance_bridge_browser_lifecycle')" code was always falsy
 
2026-09-09 17:30:09,440 33 INFO sf_rc_validation odoo.addons.base.models.ir_attachment: filestore gc 0 checked, 0 removed 
2026-09-09 17:30:09,441 33 INFO sf_rc_validation odoo.addons.sports_federation_notifications.tests.test_notification_post_install: Starting TestNotificationPostInstall.test_cron_jobs_loaded ... 
2026-09-09 17:30:09,443 33 INFO sf_rc_validation odoo.addons.sports_federation_notifications.tests.test_notification_post_install: Starting TestNotificationPostInstall.test_mail_templates_loaded ... 
2026-09-09 17:30:09,449 33 INFO sf_rc_validation odoo.addons.base.models.ir_attachment: filestore gc 0 checked, 0 removed 
2026-09-09 17:30:09,498 33 INFO sf_rc_validation odoo.addons.sports_federation_demo.tests.test_browser_competition_lifecycle: Starting TestBrowserCompetitionLifecycle.test_full_competition_lifecycle_browser_tour ... 
2026-09-09 17:30:09,717 33 INFO sf_rc_validation odoo.addons.sports_federation_demo.tests.test_browser_competition_lifecycle.TestBrowserCompetitionLifecycle.test_full_competition_lifecycle_browser_tour: Chrome pid: 558 
2026-09-09 17:30:09,717 33 INFO sf_rc_validation odoo.addons.sports_federation_demo.tests.test_browser_competition_lifecycle.TestBrowserCompetitionLifecycle.test_full_competition_lifecycle_browser_tour: Chrome headless temporary user profile dir: /tmp/tmp6g6hjwy7_chrome_odoo 
2026-09-09 17:30:09,717 33 INFO sf_rc_validation odoo.addons.sports_federation_demo.tests.test_browser_competition_lifecycle.TestBrowserCompetitionLifecycle.test_full_competition_lifecycle_browser_tour: Issuing json command http://127.0.0.1:45647/json/version 
2026-09-09 17:30:09,718 33 INFO sf_rc_validation odoo.tests.common.requests: request SplitResult(scheme='http', netloc='127.0.0.1:45647', path='/json/version', query='', fragment='') with timeout 3 increased to 10s during tests 
2026-09-09 17:30:09,747 33 INFO sf_rc_validation odoo.addons.sports_federation_demo.tests.test_browser_competition_lifecycle.TestBrowserCompetitionLifecycle.test_full_competition_lifecycle_browser_tour: Browser version: Chrome/153.0.8010.36 
2026-09-09 17:30:09,748 33 INFO sf_rc_validation odoo.addons.sports_federation_demo.tests.test_browser_competition_lifecycle.TestBrowserCompetitionLifecycle.test_full_competition_lifecycle_browser_tour: Issuing json command http://127.0.0.1:45647/json 
2026-09-09 17:30:09,750 33 INFO sf_rc_validation odoo.tests.common.requests: request SplitResult(scheme='http', netloc='127.0.0.1:45647', path='/json', query='', fragment='') with timeout 3 increased to 10s during tests 
2026-09-09 17:30:09,764 33 INFO sf_rc_validation odoo.addons.sports_federation_demo.tests.test_browser_competition_lifecycle.TestBrowserCompetitionLifecycle.test_full_competition_lifecycle_browser_tour: Websocket url found: ws://127.0.0.1:45647/devtools/page/B71211C306B080B292CD90501E88233D 
2026-09-09 17:30:09,768 33 INFO sf_rc_validation odoo.addons.sports_federation_demo.tests.test_browser_competition_lifecycle.TestBrowserCompetitionLifecycle.test_full_competition_lifecycle_browser_tour: Enable chrome headless console log notification 
2026-09-09 17:30:09,770 33 INFO sf_rc_validation odoo.addons.sports_federation_demo.tests.test_browser_competition_lifecycle.TestBrowserCompetitionLifecycle.test_full_competition_lifecycle_browser_tour: Chrome headless enable page notifications 
2026-09-09 17:30:15,873 33 INFO sf_rc_validation odoo.addons.base.models.res_users: Login successful for login:admin from n/a 
2026-09-09 17:30:15,876 33 INFO sf_rc_validation odoo.addons.sports_federation_demo.tests.test_browser_competition_lifecycle.TestBrowserCompetitionLifecycle.test_full_competition_lifecycle_browser_tour: Setting session cookie in browser 
2026-09-09 17:30:15,879 33 INFO sf_rc_validation odoo.addons.sports_federation_demo.tests.test_browser_competition_lifecycle.TestBrowserCompetitionLifecycle.test_full_competition_lifecycle_browser_tour: Open "http://127.0.0.1:8069/odoo/action-sports_federation_competition_core.action_competition_overview/71" in browser 
2026-09-09 17:30:15,880 33 INFO sf_rc_validation odoo.addons.sports_federation_demo.tests.test_browser_competition_lifecycle.TestBrowserCompetitionLifecycle.test_full_competition_lifecycle_browser_tour: Navigating to: "http://127.0.0.1:8069/odoo/action-sports_federation_competition_core.action_competition_overview/71" 
2026-09-09 17:30:15,895 33 INFO sf_rc_validation odoo.addons.base.models.ir_http: Generating routing map for key 1 
2026-09-09 17:30:16,427 33 INFO sf_rc_validation werkzeug: 127.0.0.1 - - [09/Sep/2026 17:30:16] "GET /odoo/action-sports_federation_competition_core.action_competition_overview/71 HTTP/1.1" 200 - 136 0.042 0.492
2026-09-09 17:30:16,430 33 INFO sf_rc_validation odoo.addons.sports_federation_demo.tests.test_browser_competition_lifecycle.TestBrowserCompetitionLifecycle.test_full_competition_lifecycle_browser_tour: Navigation result: {'frameId': 'B71211C306B080B292CD90501E88233D', 'loaderId': 'C2E8DDBEFD9C540E198673540612E05E', 'isDownload': False} 
2026-09-09 17:30:16,430 33 INFO sf_rc_validation odoo.addons.sports_federation_demo.tests.test_browser_competition_lifecycle.TestBrowserCompetitionLifecycle.test_full_competition_lifecycle_browser_tour: Evaluate ready code "odoo.isTourReady('full_competition_lifecycle')" 
2026-09-09 17:30:16,474 33 ERROR sf_rc_validation odoo.http: Exception during request handling. 
Traceback (most recent call last):
  File "/usr/lib/python3/dist-packages/odoo/http.py", line 2825, in __call__
    response = request._serve_db()
               ^^^^^^^^^^^^^^^^^^^
  File "/usr/lib/python3/dist-packages/odoo/http.py", line 2280, in _serve_db
    raise self._update_served_exception(exc)
  File "/usr/lib/python3/dist-packages/odoo/http.py", line 2272, in _serve_db
    return service_model.retrying(serve_func, env=self.env)
           ^^^^^^^^^^^^^^^^^^^^^^^^^^^^^^^^^^^^^^^^^^^^^^^^
  File "/usr/lib/python3/dist-packages/odoo/service/model.py", line 188, in retrying
    result = func()
             ^^^^^^
  File "/usr/lib/python3/dist-packages/odoo/http.py", line 2353, in _serve_ir_http
    response = self.dispatcher.dispatch(rule.endpoint, args)
               ^^^^^^^^^^^^^^^^^^^^^^^^^^^^^^^^^^^^^^^^^^^^^
  File "/usr/lib/python3/dist-packages/odoo/http.py", line 2475, in dispatch
    return self.request.registry['ir.http']._dispatch(endpoint)
           ^^^^^^^^^^^^^^^^^^^^^^^^^^^^^^^^^^^^^^^^^^^^^^^^^^^^
  File "/usr/lib/python3/dist-packages/odoo/addons/base/models/ir_http.py", line 355, in _dispatch
    result = endpoint(**request.params)
             ^^^^^^^^^^^^^^^^^^^^^^^^^^
  File "/usr/lib/python3/dist-packages/odoo/http.py", line 808, in route_wrapper
    result = endpoint(self, *args, **params_ok)
             ^^^^^^^^^^^^^^^^^^^^^^^^^^^^^^^^^^
  File "/usr/lib/python3/dist-packages/odoo/addons/web/controllers/binary.py", line 150, in content_assets
    stream = env['ir.binary']._get_stream_from(attachment, 'raw', filename)
             ^^^^^^^^^^^^^^^^^^^^^^^^^^^^^^^^^^^^^^^^^^^^^^^^^^^^^^^^^^^^^^
  File "/usr/lib/python3/dist-packages/odoo/addons/base/models/ir_binary.py", line 124, in _get_stream_from
    stream = self._record_to_stream(record, field_name)
             ^^^^^^^^^^^^^^^^^^^^^^^^^^^^^^^^^^^^^^^^^^
  File "/usr/lib/python3/dist-packages/odoo/addons/base/models/ir_binary.py", line 70, in _record_to_stream
    return record._to_http_stream()
           ^^^^^^^^^^^^^^^^^^^^^^^^
  File "/usr/lib/python3/dist-packages/odoo/addons/base/models/ir_attachment.py", line 921, in _to_http_stream
    stat = os.stat(stream.path)
           ^^^^^^^^^^^^^^^^^^^^
FileNotFoundError: [Errno 2] No such file or directory: '/var/lib/odoo/filestore/sf_rc_validation/2b/2b52270afae541be3763f567bc75c911c5b0f270'
2026-09-09 17:30:16,477 33 INFO sf_rc_validation werkzeug: 127.0.0.1 - - [09/Sep/2026 17:30:16] "GET /web/assets/35aff31/web.assets_web.min.css HTTP/1.1" 500 - 2 0.001 0.008
2026-09-09 17:30:16,493 33 INFO sf_rc_validation odoo.addons.base.models.ir_attachment: _read_file reading /var/lib/odoo/filestore/sf_rc_validation/aa/aa2cad94340900f9e642750f42295ca97ab0ec81 
Traceback (most recent call last):
  File "/usr/lib/python3/dist-packages/odoo/addons/base/models/ir_attachment.py", line 151, in _file_read
    with open(full_path, 'rb') as f:
         ^^^^^^^^^^^^^^^^^^^^^
FileNotFoundError: [Errno 2] No such file or directory: '/var/lib/odoo/filestore/sf_rc_validation/aa/aa2cad94340900f9e642750f42295ca97ab0ec81'
2026-09-09 17:30:16,493 33 INFO sf_rc_validation odoo.addons.base.models.ir_attachment: _read_file reading /var/lib/odoo/filestore/sf_rc_validation/74/744fc247b813c44f4cf02357706e88b283cb0f97 
Traceback (most recent call last):
  File "/usr/lib/python3/dist-packages/odoo/addons/base/models/ir_attachment.py", line 151, in _file_read
    with open(full_path, 'rb') as f:
         ^^^^^^^^^^^^^^^^^^^^^
FileNotFoundError: [Errno 2] No such file or directory: '/var/lib/odoo/filestore/sf_rc_validation/74/744fc247b813c44f4cf02357706e88b283cb0f97'
2026-09-09 17:30:16,494 33 INFO sf_rc_validation odoo.addons.base.models.ir_attachment: _read_file reading /var/lib/odoo/filestore/sf_rc_validation/3d/3d7a7360fe4a73a90dd3b4ba554a9254ed61e864 
Traceback (most recent call last):
  File "/usr/lib/python3/dist-packages/odoo/addons/base/models/ir_attachment.py", line 151, in _file_read
    with open(full_path, 'rb') as f:
         ^^^^^^^^^^^^^^^^^^^^^
FileNotFoundError: [Errno 2] No such file or directory: '/var/lib/odoo/filestore/sf_rc_validation/3d/3d7a7360fe4a73a90dd3b4ba554a9254ed61e864'
2026-09-09 17:30:16,494 33 INFO sf_rc_validation odoo.addons.base.models.ir_attachment: _read_file reading /var/lib/odoo/filestore/sf_rc_validation/b7/b73a9deb85def8a1a00e4d545c4f79747d78f487 
Traceback (most recent call last):
  File "/usr/lib/python3/dist-packages/odoo/addons/base/models/ir_attachment.py", line 151, in _file_read
    with open(full_path, 'rb') as f:
         ^^^^^^^^^^^^^^^^^^^^^
FileNotFoundError: [Errno 2] No such file or directory: '/var/lib/odoo/filestore/sf_rc_validation/b7/b73a9deb85def8a1a00e4d545c4f79747d78f487'
2026-09-09 17:30:16,500 33 INFO sf_rc_validation werkzeug: 127.0.0.1 - - [09/Sep/2026 17:30:16] "GET /web/webclient/load_menus HTTP/1.1" 200 - 17 0.009 0.020
2026-09-09 17:30:16,503 33 ERROR sf_rc_validation odoo.http: Exception during request handling. 
Traceback (most recent call last):
  File "/usr/lib/python3/dist-packages/odoo/http.py", line 2825, in __call__
    response = request._serve_db()
               ^^^^^^^^^^^^^^^^^^^
  File "/usr/lib/python3/dist-packages/odoo/http.py", line 2280, in _serve_db
    raise self._update_served_exception(exc)
  File "/usr/lib/python3/dist-packages/odoo/http.py", line 2272, in _serve_db
    return service_model.retrying(serve_func, env=self.env)
           ^^^^^^^^^^^^^^^^^^^^^^^^^^^^^^^^^^^^^^^^^^^^^^^^
  File "/usr/lib/python3/dist-packages/odoo/service/model.py", line 188, in retrying
    result = func()
             ^^^^^^
  File "/usr/lib/python3/dist-packages/odoo/http.py", line 2353, in _serve_ir_http
    response = self.dispatcher.dispatch(rule.endpoint, args)
               ^^^^^^^^^^^^^^^^^^^^^^^^^^^^^^^^^^^^^^^^^^^^^
  File "/usr/lib/python3/dist-packages/odoo/http.py", line 2475, in dispatch
    return self.request.registry['ir.http']._dispatch(endpoint)
           ^^^^^^^^^^^^^^^^^^^^^^^^^^^^^^^^^^^^^^^^^^^^^^^^^^^^
  File "/usr/lib/python3/dist-packages/odoo/addons/base/models/ir_http.py", line 355, in _dispatch
    result = endpoint(**request.params)
             ^^^^^^^^^^^^^^^^^^^^^^^^^^
  File "/usr/lib/python3/dist-packages/odoo/http.py", line 808, in route_wrapper
    result = endpoint(self, *args, **params_ok)
             ^^^^^^^^^^^^^^^^^^^^^^^^^^^^^^^^^^
  File "/usr/lib/python3/dist-packages/odoo/addons/web/controllers/binary.py", line 150, in content_assets
    stream = env['ir.binary']._get_stream_from(attachment, 'raw', filename)
             ^^^^^^^^^^^^^^^^^^^^^^^^^^^^^^^^^^^^^^^^^^^^^^^^^^^^^^^^^^^^^^
  File "/usr/lib/python3/dist-packages/odoo/addons/base/models/ir_binary.py", line 124, in _get_stream_from
    stream = self._record_to_stream(record, field_name)
             ^^^^^^^^^^^^^^^^^^^^^^^^^^^^^^^^^^^^^^^^^^
  File "/usr/lib/python3/dist-packages/odoo/addons/base/models/ir_binary.py", line 70, in _record_to_stream
    return record._to_http_stream()
           ^^^^^^^^^^^^^^^^^^^^^^^^
  File "/usr/lib/python3/dist-packages/odoo/addons/base/models/ir_attachment.py", line 921, in _to_http_stream
    stat = os.stat(stream.path)
           ^^^^^^^^^^^^^^^^^^^^
FileNotFoundError: [Errno 2] No such file or directory: '/var/lib/odoo/filestore/sf_rc_validation/c5/c56eb0feffe5377c375b688f1f07fdfda8b943f7'
2026-09-09 17:30:16,505 33 INFO sf_rc_validation werkzeug: 127.0.0.1 - - [09/Sep/2026 17:30:16] "GET /web/assets/b24dc81/web.assets_web.min.js HTTP/1.1" 500 - 2 0.001 0.035
2026-09-09 17:30:16,515 33 INFO sf_rc_validation werkzeug: 127.0.0.1 - - [09/Sep/2026 17:30:16] "GET /web/manifest.webmanifest HTTP/1.1" 200 - 7 0.006 0.035
2026-09-09 17:30:16,519 33 ERROR sf_rc_validation odoo.http: Exception during request handling. 
Traceback (most recent call last):
  File "/usr/lib/python3/dist-packages/odoo/http.py", line 2825, in __call__
    response = request._serve_db()
               ^^^^^^^^^^^^^^^^^^^
  File "/usr/lib/python3/dist-packages/odoo/http.py", line 2280, in _serve_db
    raise self._update_served_exception(exc)
  File "/usr/lib/python3/dist-packages/odoo/http.py", line 2272, in _serve_db
    return service_model.retrying(serve_func, env=self.env)
           ^^^^^^^^^^^^^^^^^^^^^^^^^^^^^^^^^^^^^^^^^^^^^^^^
  File "/usr/lib/python3/dist-packages/odoo/service/model.py", line 188, in retrying
    result = func()
             ^^^^^^
  File "/usr/lib/python3/dist-packages/odoo/http.py", line 2353, in _serve_ir_http
    response = self.dispatcher.dispatch(rule.endpoint, args)
               ^^^^^^^^^^^^^^^^^^^^^^^^^^^^^^^^^^^^^^^^^^^^^
  File "/usr/lib/python3/dist-packages/odoo/http.py", line 2475, in dispatch
    return self.request.registry['ir.http']._dispatch(endpoint)
           ^^^^^^^^^^^^^^^^^^^^^^^^^^^^^^^^^^^^^^^^^^^^^^^^^^^^
  File "/usr/lib/python3/dist-packages/odoo/addons/base/models/ir_http.py", line 355, in _dispatch
    result = endpoint(**request.params)
             ^^^^^^^^^^^^^^^^^^^^^^^^^^
  File "/usr/lib/python3/dist-packages/odoo/http.py", line 808, in route_wrapper
    result = endpoint(self, *args, **params_ok)
             ^^^^^^^^^^^^^^^^^^^^^^^^^^^^^^^^^^
  File "/usr/lib/python3/dist-packages/odoo/addons/web/controllers/binary.py", line 150, in content_assets
    stream = env['ir.binary']._get_stream_from(attachment, 'raw', filename)
             ^^^^^^^^^^^^^^^^^^^^^^^^^^^^^^^^^^^^^^^^^^^^^^^^^^^^^^^^^^^^^^
  File "/usr/lib/python3/dist-packages/odoo/addons/base/models/ir_binary.py", line 124, in _get_stream_from
    stream = self._record_to_stream(record, field_name)
             ^^^^^^^^^^^^^^^^^^^^^^^^^^^^^^^^^^^^^^^^^^
  File "/usr/lib/python3/dist-packages/odoo/addons/base/models/ir_binary.py", line 70, in _record_to_stream
    return record._to_http_stream()
           ^^^^^^^^^^^^^^^^^^^^^^^^
  File "/usr/lib/python3/dist-packages/odoo/addons/base/models/ir_attachment.py", line 921, in _to_http_stream
    stat = os.stat(stream.path)
           ^^^^^^^^^^^^^^^^^^^^
FileNotFoundError: [Errno 2] No such file or directory: '/var/lib/odoo/filestore/sf_rc_validation/af/af46cb4bd7450000642fafbe0bb4e27a22c3f38e'
2026-09-09 17:30:16,521 33 INFO sf_rc_validation werkzeug: 127.0.0.1 - - [09/Sep/2026 17:30:16] "GET /web/assets/f6567db/web.assets_tests.min.js HTTP/1.1" 500 - 2 0.001 0.008
2026-09-09 17:30:16,524 33 ERROR sf_rc_validation odoo.http: Exception during request handling. 
Traceback (most recent call last):
  File "/usr/lib/python3/dist-packages/odoo/http.py", line 2825, in __call__
    response = request._serve_db()
               ^^^^^^^^^^^^^^^^^^^
  File "/usr/lib/python3/dist-packages/odoo/http.py", line 2280, in _serve_db
    raise self._update_served_exception(exc)
  File "/usr/lib/python3/dist-packages/odoo/http.py", line 2272, in _serve_db
    return service_model.retrying(serve_func, env=self.env)
           ^^^^^^^^^^^^^^^^^^^^^^^^^^^^^^^^^^^^^^^^^^^^^^^^
  File "/usr/lib/python3/dist-packages/odoo/service/model.py", line 188, in retrying
    result = func()
             ^^^^^^
  File "/usr/lib/python3/dist-packages/odoo/http.py", line 2353, in _serve_ir_http
    response = self.dispatcher.dispatch(rule.endpoint, args)
               ^^^^^^^^^^^^^^^^^^^^^^^^^^^^^^^^^^^^^^^^^^^^^
  File "/usr/lib/python3/dist-packages/odoo/http.py", line 2475, in dispatch
    return self.request.registry['ir.http']._dispatch(endpoint)
           ^^^^^^^^^^^^^^^^^^^^^^^^^^^^^^^^^^^^^^^^^^^^^^^^^^^^
  File "/usr/lib/python3/dist-packages/odoo/addons/base/models/ir_http.py", line 355, in _dispatch
    result = endpoint(**request.params)
             ^^^^^^^^^^^^^^^^^^^^^^^^^^
  File "/usr/lib/python3/dist-packages/odoo/http.py", line 808, in route_wrapper
    result = endpoint(self, *args, **params_ok)
             ^^^^^^^^^^^^^^^^^^^^^^^^^^^^^^^^^^
  File "/usr/lib/python3/dist-packages/odoo/addons/web/controllers/binary.py", line 150, in content_assets
    stream = env['ir.binary']._get_stream_from(attachment, 'raw', filename)
             ^^^^^^^^^^^^^^^^^^^^^^^^^^^^^^^^^^^^^^^^^^^^^^^^^^^^^^^^^^^^^^
  File "/usr/lib/python3/dist-packages/odoo/addons/base/models/ir_binary.py", line 124, in _get_stream_from
    stream = self._record_to_stream(record, field_name)
             ^^^^^^^^^^^^^^^^^^^^^^^^^^^^^^^^^^^^^^^^^^
  File "/usr/lib/python3/dist-packages/odoo/addons/base/models/ir_binary.py", line 70, in _record_to_stream
    return record._to_http_stream()
           ^^^^^^^^^^^^^^^^^^^^^^^^
  File "/usr/lib/python3/dist-packages/odoo/addons/base/models/ir_attachment.py", line 921, in _to_http_stream
    stat = os.stat(stream.path)
           ^^^^^^^^^^^^^^^^^^^^
FileNotFoundError: [Errno 2] No such file or directory: '/var/lib/odoo/filestore/sf_rc_validation/28/28fdff63ca45273fc030bdb7fefd42c06cd4c23c'
2026-09-09 17:30:16,526 33 INFO sf_rc_validation werkzeug: 127.0.0.1 - - [09/Sep/2026 17:30:16] "GET /web/assets/50c216e/web.assets_web_print.min.css HTTP/1.1" 500 - 2 0.001 0.011
2026-09-09 17:30:16,535 33 INFO ? werkzeug: 127.0.0.1 - - [09/Sep/2026 17:30:16] "GET /web/static/img/odoo-icon-192x192.png HTTP/1.1" 200 - 0 0.000 0.001
2026-09-09 17:30:16,535 33 INFO ? werkzeug: 127.0.0.1 - - [09/Sep/2026 17:30:16] "GET /web/static/img/favicon.ico HTTP/1.1" 200 - 0 0.000 0.002
2026-09-09 17:31:16,431 33 INFO sf_rc_validation odoo.addons.sports_federation_demo.tests.test_browser_competition_lifecycle.TestBrowserCompetitionLifecycle.test_full_competition_lifecycle_browser_tour: Closing chrome headless with pid 558 
2026-09-09 17:31:16,432 33 INFO sf_rc_validation odoo.addons.sports_federation_demo.tests.test_browser_competition_lifecycle.TestBrowserCompetitionLifecycle.test_full_competition_lifecycle_browser_tour: Closing websocket connection 
2026-09-09 17:31:16,435 33 INFO sf_rc_validation odoo.addons.sports_federation_demo.tests.test_browser_competition_lifecycle.TestBrowserCompetitionLifecycle.test_full_competition_lifecycle_browser_tour: Terminating chrome headless with pid 558 
2026-09-09 17:31:16,650 33 INFO sf_rc_validation odoo.addons.sports_federation_demo.tests.test_browser_competition_lifecycle.TestBrowserCompetitionLifecycle.test_full_competition_lifecycle_browser_tour: Removing chrome user profile "/tmp/tmp6g6hjwy7_chrome_odoo" 
2026-09-09 17:31:16,665 33 INFO sf_rc_validation odoo.addons.sports_federation_demo.tests.test_browser_competition_lifecycle: ====================================================================== 
2026-09-09 17:31:16,665 33 ERROR sf_rc_validation odoo.addons.sports_federation_demo.tests.test_browser_competition_lifecycle: ERROR: TestBrowserCompetitionLifecycle.test_full_competition_lifecycle_browser_tour
Traceback (most recent call last):
  File "/usr/lib/python3/dist-packages/odoo/tests/common.py", line 1653, in _websocket_request
    return f.result(timeout=timeout * self.throttling_factor)
           ^^^^^^^^^^^^^^^^^^^^^^^^^^^^^^^^^^^^^^^^^^^^^^^^^^
  File "/usr/lib/python3.12/concurrent/futures/_base.py", line 458, in result
    raise TimeoutError()
TimeoutError

During handling of the above exception, another exception occurred:

Traceback (most recent call last):
  File "/mnt/extra-addons/sports_federation_demo/tests/test_browser_competition_lifecycle.py", line 64, in test_full_competition_lifecycle_browser_tour
    self.start_tour(
  File "/usr/lib/python3/dist-packages/odoo/tests/common.py", line 2563, in start_tour
    self.browser_js(url_path=url_path, code=code, ready=ready, timeout=timeout, success_signal="tour succeeded", **kwargs)
  File "/usr/lib/python3/dist-packages/odoo/tests/common.py", line 2521, in browser_js
    self.assertTrue(browser._wait_ready(ready), 'The ready "%s" code was always falsy' % ready)
                    ^^^^^^^^^^^^^^^^^^^^^^^^^^
  File "/usr/lib/python3/dist-packages/odoo/tests/common.py", line 1859, in _wait_ready
    result = self._websocket_request('Runtime.evaluate', params={
             ^^^^^^^^^^^^^^^^^^^^^^^^^^^^^^^^^^^^^^^^^^^^^^^^^^^^
  File "/usr/lib/python3/dist-packages/odoo/tests/common.py", line 1655, in _websocket_request
    raise TimeoutError(f'{method}({params or ""})')
TimeoutError: Runtime.evaluate({'expression': "try { odoo.isTourReady('full_competition_lifecycle') } catch {}", 'awaitPromise': True})
 
2026-09-09 17:31:16,667 33 INFO sf_rc_validation odoo.addons.sports_federation_demo.tests.test_browser_competition_lifecycle: Starting TestBrowserCompetitionLifecycle.test_keyboard_competition_setup_browser_tour ... 
2026-09-09 17:31:16,882 33 INFO sf_rc_validation odoo.addons.sports_federation_demo.tests.test_browser_competition_lifecycle.TestBrowserCompetitionLifecycle.test_keyboard_competition_setup_browser_tour: Chrome pid: 810 
2026-09-09 17:31:16,882 33 INFO sf_rc_validation odoo.addons.sports_federation_demo.tests.test_browser_competition_lifecycle.TestBrowserCompetitionLifecycle.test_keyboard_competition_setup_browser_tour: Chrome headless temporary user profile dir: /tmp/tmpaw5bdvsb_chrome_odoo 
2026-09-09 17:31:16,882 33 INFO sf_rc_validation odoo.addons.sports_federation_demo.tests.test_browser_competition_lifecycle.TestBrowserCompetitionLifecycle.test_keyboard_competition_setup_browser_tour: Issuing json command http://127.0.0.1:38647/json/version 
2026-09-09 17:31:16,883 33 INFO sf_rc_validation odoo.tests.common.requests: request SplitResult(scheme='http', netloc='127.0.0.1:38647', path='/json/version', query='', fragment='') with timeout 3 increased to 10s during tests 
2026-09-09 17:31:16,934 33 INFO sf_rc_validation odoo.addons.sports_federation_demo.tests.test_browser_competition_lifecycle.TestBrowserCompetitionLifecycle.test_keyboard_competition_setup_browser_tour: Browser version: Chrome/153.0.8010.36 
2026-09-09 17:31:16,934 33 INFO sf_rc_validation odoo.addons.sports_federation_demo.tests.test_browser_competition_lifecycle.TestBrowserCompetitionLifecycle.test_keyboard_competition_setup_browser_tour: Issuing json command http://127.0.0.1:38647/json 
2026-09-09 17:31:16,934 33 INFO sf_rc_validation odoo.tests.common.requests: request SplitResult(scheme='http', netloc='127.0.0.1:38647', path='/json', query='', fragment='') with timeout 3 increased to 10s during tests 
2026-09-09 17:31:16,947 33 INFO sf_rc_validation odoo.addons.sports_federation_demo.tests.test_browser_competition_lifecycle.TestBrowserCompetitionLifecycle.test_keyboard_competition_setup_browser_tour: Websocket url found: ws://127.0.0.1:38647/devtools/page/736B25F2316E5F534E27851CD1EE154E 
2026-09-09 17:31:16,961 33 INFO sf_rc_validation odoo.addons.sports_federation_demo.tests.test_browser_competition_lifecycle.TestBrowserCompetitionLifecycle.test_keyboard_competition_setup_browser_tour: Enable chrome headless console log notification 
2026-09-09 17:31:16,969 33 INFO sf_rc_validation odoo.addons.sports_federation_demo.tests.test_browser_competition_lifecycle.TestBrowserCompetitionLifecycle.test_keyboard_competition_setup_browser_tour: Chrome headless enable page notifications 
2026-09-09 17:31:19,473 33 INFO sf_rc_validation odoo.addons.base.models.res_users: Login successful for login:admin from n/a 
2026-09-09 17:31:19,477 33 INFO sf_rc_validation odoo.addons.sports_federation_demo.tests.test_browser_competition_lifecycle.TestBrowserCompetitionLifecycle.test_keyboard_competition_setup_browser_tour: Setting session cookie in browser 
2026-09-09 17:31:19,478 33 INFO sf_rc_validation odoo.addons.sports_federation_demo.tests.test_browser_competition_lifecycle.TestBrowserCompetitionLifecycle.test_keyboard_competition_setup_browser_tour: Open "http://127.0.0.1:8069/odoo/action-sports_federation_competition_core.action_competition_overview/71" in browser 
2026-09-09 17:31:19,478 33 INFO sf_rc_validation odoo.addons.sports_federation_demo.tests.test_browser_competition_lifecycle.TestBrowserCompetitionLifecycle.test_keyboard_competition_setup_browser_tour: Navigating to: "http://127.0.0.1:8069/odoo/action-sports_federation_competition_core.action_competition_overview/71" 
2026-09-09 17:31:19,488 33 INFO sf_rc_validation odoo.addons.base.models.ir_http: Generating routing map for key 1 
2026-09-09 17:31:20,148 33 INFO sf_rc_validation werkzeug: 127.0.0.1 - - [09/Sep/2026 17:31:20] "GET /odoo/action-sports_federation_competition_core.action_competition_overview/71 HTTP/1.1" 200 - 142 0.045 0.616
2026-09-09 17:31:20,151 33 INFO sf_rc_validation odoo.addons.sports_federation_demo.tests.test_browser_competition_lifecycle.TestBrowserCompetitionLifecycle.test_keyboard_competition_setup_browser_tour: Navigation result: {'frameId': '736B25F2316E5F534E27851CD1EE154E', 'loaderId': '39BF32A848F4812E26C30A0C45722613', 'isDownload': False} 
2026-09-09 17:31:20,152 33 INFO sf_rc_validation odoo.addons.sports_federation_demo.tests.test_browser_competition_lifecycle.TestBrowserCompetitionLifecycle.test_keyboard_competition_setup_browser_tour: Evaluate ready code "odoo.isTourReady('keyboard_competition_setup')" 
2026-09-09 17:31:20,177 33 ERROR sf_rc_validation odoo.http: Exception during request handling. 
Traceback (most recent call last):
  File "/usr/lib/python3/dist-packages/odoo/http.py", line 2825, in __call__
    response = request._serve_db()
               ^^^^^^^^^^^^^^^^^^^
  File "/usr/lib/python3/dist-packages/odoo/http.py", line 2280, in _serve_db
    raise self._update_served_exception(exc)
  File "/usr/lib/python3/dist-packages/odoo/http.py", line 2272, in _serve_db
    return service_model.retrying(serve_func, env=self.env)
           ^^^^^^^^^^^^^^^^^^^^^^^^^^^^^^^^^^^^^^^^^^^^^^^^
  File "/usr/lib/python3/dist-packages/odoo/service/model.py", line 188, in retrying
    result = func()
             ^^^^^^
  File "/usr/lib/python3/dist-packages/odoo/http.py", line 2353, in _serve_ir_http
    response = self.dispatcher.dispatch(rule.endpoint, args)
               ^^^^^^^^^^^^^^^^^^^^^^^^^^^^^^^^^^^^^^^^^^^^^
  File "/usr/lib/python3/dist-packages/odoo/http.py", line 2475, in dispatch
    return self.request.registry['ir.http']._dispatch(endpoint)
           ^^^^^^^^^^^^^^^^^^^^^^^^^^^^^^^^^^^^^^^^^^^^^^^^^^^^
  File "/usr/lib/python3/dist-packages/odoo/addons/base/models/ir_http.py", line 355, in _dispatch
    result = endpoint(**request.params)
             ^^^^^^^^^^^^^^^^^^^^^^^^^^
  File "/usr/lib/python3/dist-packages/odoo/http.py", line 808, in route_wrapper
    result = endpoint(self, *args, **params_ok)
             ^^^^^^^^^^^^^^^^^^^^^^^^^^^^^^^^^^
  File "/usr/lib/python3/dist-packages/odoo/addons/web/controllers/binary.py", line 150, in content_assets
    stream = env['ir.binary']._get_stream_from(attachment, 'raw', filename)
             ^^^^^^^^^^^^^^^^^^^^^^^^^^^^^^^^^^^^^^^^^^^^^^^^^^^^^^^^^^^^^^
  File "/usr/lib/python3/dist-packages/odoo/addons/base/models/ir_binary.py", line 124, in _get_stream_from
    stream = self._record_to_stream(record, field_name)
             ^^^^^^^^^^^^^^^^^^^^^^^^^^^^^^^^^^^^^^^^^^
  File "/usr/lib/python3/dist-packages/odoo/addons/base/models/ir_binary.py", line 70, in _record_to_stream
    return record._to_http_stream()
           ^^^^^^^^^^^^^^^^^^^^^^^^
  File "/usr/lib/python3/dist-packages/odoo/addons/base/models/ir_attachment.py", line 921, in _to_http_stream
    stat = os.stat(stream.path)
           ^^^^^^^^^^^^^^^^^^^^
FileNotFoundError: [Errno 2] No such file or directory: '/var/lib/odoo/filestore/sf_rc_validation/2b/2b52270afae541be3763f567bc75c911c5b0f270'
2026-09-09 17:31:20,180 33 INFO sf_rc_validation werkzeug: 127.0.0.1 - - [09/Sep/2026 17:31:20] "GET /web/assets/35aff31/web.assets_web.min.css HTTP/1.1" 500 - 2 0.001 0.007
2026-09-09 17:31:20,183 33 ERROR sf_rc_validation odoo.http: Exception during request handling. 
Traceback (most recent call last):
  File "/usr/lib/python3/dist-packages/odoo/http.py", line 2825, in __call__
    response = request._serve_db()
               ^^^^^^^^^^^^^^^^^^^
  File "/usr/lib/python3/dist-packages/odoo/http.py", line 2280, in _serve_db
    raise self._update_served_exception(exc)
  File "/usr/lib/python3/dist-packages/odoo/http.py", line 2272, in _serve_db
    return service_model.retrying(serve_func, env=self.env)
           ^^^^^^^^^^^^^^^^^^^^^^^^^^^^^^^^^^^^^^^^^^^^^^^^
  File "/usr/lib/python3/dist-packages/odoo/service/model.py", line 188, in retrying
    result = func()
             ^^^^^^
  File "/usr/lib/python3/dist-packages/odoo/http.py", line 2353, in _serve_ir_http
    response = self.dispatcher.dispatch(rule.endpoint, args)
               ^^^^^^^^^^^^^^^^^^^^^^^^^^^^^^^^^^^^^^^^^^^^^
  File "/usr/lib/python3/dist-packages/odoo/http.py", line 2475, in dispatch
    return self.request.registry['ir.http']._dispatch(endpoint)
           ^^^^^^^^^^^^^^^^^^^^^^^^^^^^^^^^^^^^^^^^^^^^^^^^^^^^
  File "/usr/lib/python3/dist-packages/odoo/addons/base/models/ir_http.py", line 355, in _dispatch
    result = endpoint(**request.params)
             ^^^^^^^^^^^^^^^^^^^^^^^^^^
  File "/usr/lib/python3/dist-packages/odoo/http.py", line 808, in route_wrapper
    result = endpoint(self, *args, **params_ok)
             ^^^^^^^^^^^^^^^^^^^^^^^^^^^^^^^^^^
  File "/usr/lib/python3/dist-packages/odoo/addons/web/controllers/binary.py", line 150, in content_assets
    stream = env['ir.binary']._get_stream_from(attachment, 'raw', filename)
             ^^^^^^^^^^^^^^^^^^^^^^^^^^^^^^^^^^^^^^^^^^^^^^^^^^^^^^^^^^^^^^
  File "/usr/lib/python3/dist-packages/odoo/addons/base/models/ir_binary.py", line 124, in _get_stream_from
    stream = self._record_to_stream(record, field_name)
             ^^^^^^^^^^^^^^^^^^^^^^^^^^^^^^^^^^^^^^^^^^
  File "/usr/lib/python3/dist-packages/odoo/addons/base/models/ir_binary.py", line 70, in _record_to_stream
    return record._to_http_stream()
           ^^^^^^^^^^^^^^^^^^^^^^^^
  File "/usr/lib/python3/dist-packages/odoo/addons/base/models/ir_attachment.py", line 921, in _to_http_stream
    stat = os.stat(stream.path)
           ^^^^^^^^^^^^^^^^^^^^
FileNotFoundError: [Errno 2] No such file or directory: '/var/lib/odoo/filestore/sf_rc_validation/c5/c56eb0feffe5377c375b688f1f07fdfda8b943f7'
2026-09-09 17:31:20,185 33 INFO sf_rc_validation werkzeug: 127.0.0.1 - - [09/Sep/2026 17:31:20] "GET /web/assets/b24dc81/web.assets_web.min.js HTTP/1.1" 500 - 2 0.002 0.009
2026-09-09 17:31:20,202 33 INFO sf_rc_validation odoo.addons.base.models.ir_attachment: _read_file reading /var/lib/odoo/filestore/sf_rc_validation/aa/aa2cad94340900f9e642750f42295ca97ab0ec81 
Traceback (most recent call last):
  File "/usr/lib/python3/dist-packages/odoo/addons/base/models/ir_attachment.py", line 151, in _file_read
    with open(full_path, 'rb') as f:
         ^^^^^^^^^^^^^^^^^^^^^
FileNotFoundError: [Errno 2] No such file or directory: '/var/lib/odoo/filestore/sf_rc_validation/aa/aa2cad94340900f9e642750f42295ca97ab0ec81'
2026-09-09 17:31:20,203 33 INFO sf_rc_validation odoo.addons.base.models.ir_attachment: _read_file reading /var/lib/odoo/filestore/sf_rc_validation/74/744fc247b813c44f4cf02357706e88b283cb0f97 
Traceback (most recent call last):
  File "/usr/lib/python3/dist-packages/odoo/addons/base/models/ir_attachment.py", line 151, in _file_read
    with open(full_path, 'rb') as f:
         ^^^^^^^^^^^^^^^^^^^^^
FileNotFoundError: [Errno 2] No such file or directory: '/var/lib/odoo/filestore/sf_rc_validation/74/744fc247b813c44f4cf02357706e88b283cb0f97'
2026-09-09 17:31:20,203 33 INFO sf_rc_validation odoo.addons.base.models.ir_attachment: _read_file reading /var/lib/odoo/filestore/sf_rc_validation/3d/3d7a7360fe4a73a90dd3b4ba554a9254ed61e864 
Traceback (most recent call last):
  File "/usr/lib/python3/dist-packages/odoo/addons/base/models/ir_attachment.py", line 151, in _file_read
    with open(full_path, 'rb') as f:
         ^^^^^^^^^^^^^^^^^^^^^
FileNotFoundError: [Errno 2] No such file or directory: '/var/lib/odoo/filestore/sf_rc_validation/3d/3d7a7360fe4a73a90dd3b4ba554a9254ed61e864'
2026-09-09 17:31:20,204 33 INFO sf_rc_validation odoo.addons.base.models.ir_attachment: _read_file reading /var/lib/odoo/filestore/sf_rc_validation/b7/b73a9deb85def8a1a00e4d545c4f79747d78f487 
Traceback (most recent call last):
  File "/usr/lib/python3/dist-packages/odoo/addons/base/models/ir_attachment.py", line 151, in _file_read
    with open(full_path, 'rb') as f:
         ^^^^^^^^^^^^^^^^^^^^^
FileNotFoundError: [Errno 2] No such file or directory: '/var/lib/odoo/filestore/sf_rc_validation/b7/b73a9deb85def8a1a00e4d545c4f79747d78f487'
2026-09-09 17:31:20,210 33 INFO sf_rc_validation werkzeug: 127.0.0.1 - - [09/Sep/2026 17:31:20] "GET /web/webclient/load_menus HTTP/1.1" 200 - 17 0.008 0.027
2026-09-09 17:31:20,218 33 INFO sf_rc_validation werkzeug: 127.0.0.1 - - [09/Sep/2026 17:31:20] "GET /web/manifest.webmanifest HTTP/1.1" 200 - 7 0.003 0.039
2026-09-09 17:31:20,221 33 ERROR sf_rc_validation odoo.http: Exception during request handling. 
Traceback (most recent call last):
  File "/usr/lib/python3/dist-packages/odoo/http.py", line 2825, in __call__
    response = request._serve_db()
               ^^^^^^^^^^^^^^^^^^^
  File "/usr/lib/python3/dist-packages/odoo/http.py", line 2280, in _serve_db
    raise self._update_served_exception(exc)
  File "/usr/lib/python3/dist-packages/odoo/http.py", line 2272, in _serve_db
    return service_model.retrying(serve_func, env=self.env)
           ^^^^^^^^^^^^^^^^^^^^^^^^^^^^^^^^^^^^^^^^^^^^^^^^
  File "/usr/lib/python3/dist-packages/odoo/service/model.py", line 188, in retrying
    result = func()
             ^^^^^^
  File "/usr/lib/python3/dist-packages/odoo/http.py", line 2353, in _serve_ir_http
    response = self.dispatcher.dispatch(rule.endpoint, args)
               ^^^^^^^^^^^^^^^^^^^^^^^^^^^^^^^^^^^^^^^^^^^^^
  File "/usr/lib/python3/dist-packages/odoo/http.py", line 2475, in dispatch
    return self.request.registry['ir.http']._dispatch(endpoint)
           ^^^^^^^^^^^^^^^^^^^^^^^^^^^^^^^^^^^^^^^^^^^^^^^^^^^^
  File "/usr/lib/python3/dist-packages/odoo/addons/base/models/ir_http.py", line 355, in _dispatch
    result = endpoint(**request.params)
             ^^^^^^^^^^^^^^^^^^^^^^^^^^
  File "/usr/lib/python3/dist-packages/odoo/http.py", line 808, in route_wrapper
    result = endpoint(self, *args, **params_ok)
             ^^^^^^^^^^^^^^^^^^^^^^^^^^^^^^^^^^
  File "/usr/lib/python3/dist-packages/odoo/addons/web/controllers/binary.py", line 150, in content_assets
    stream = env['ir.binary']._get_stream_from(attachment, 'raw', filename)
             ^^^^^^^^^^^^^^^^^^^^^^^^^^^^^^^^^^^^^^^^^^^^^^^^^^^^^^^^^^^^^^
  File "/usr/lib/python3/dist-packages/odoo/addons/base/models/ir_binary.py", line 124, in _get_stream_from
    stream = self._record_to_stream(record, field_name)
             ^^^^^^^^^^^^^^^^^^^^^^^^^^^^^^^^^^^^^^^^^^
  File "/usr/lib/python3/dist-packages/odoo/addons/base/models/ir_binary.py", line 70, in _record_to_stream
    return record._to_http_stream()
           ^^^^^^^^^^^^^^^^^^^^^^^^
  File "/usr/lib/python3/dist-packages/odoo/addons/base/models/ir_attachment.py", line 921, in _to_http_stream
    stat = os.stat(stream.path)
           ^^^^^^^^^^^^^^^^^^^^
FileNotFoundError: [Errno 2] No such file or directory: '/var/lib/odoo/filestore/sf_rc_validation/af/af46cb4bd7450000642fafbe0bb4e27a22c3f38e'
2026-09-09 17:31:20,222 33 INFO sf_rc_validation werkzeug: 127.0.0.1 - - [09/Sep/2026 17:31:20] "GET /web/assets/f6567db/web.assets_tests.min.js HTTP/1.1" 500 - 2 0.001 0.023
2026-09-09 17:31:20,226 33 ERROR sf_rc_validation odoo.http: Exception during request handling. 
Traceback (most recent call last):
  File "/usr/lib/python3/dist-packages/odoo/http.py", line 2825, in __call__
    response = request._serve_db()
               ^^^^^^^^^^^^^^^^^^^
  File "/usr/lib/python3/dist-packages/odoo/http.py", line 2280, in _serve_db
    raise self._update_served_exception(exc)
  File "/usr/lib/python3/dist-packages/odoo/http.py", line 2272, in _serve_db
    return service_model.retrying(serve_func, env=self.env)
           ^^^^^^^^^^^^^^^^^^^^^^^^^^^^^^^^^^^^^^^^^^^^^^^^
  File "/usr/lib/python3/dist-packages/odoo/service/model.py", line 188, in retrying
    result = func()
             ^^^^^^
  File "/usr/lib/python3/dist-packages/odoo/http.py", line 2353, in _serve_ir_http
    response = self.dispatcher.dispatch(rule.endpoint, args)
               ^^^^^^^^^^^^^^^^^^^^^^^^^^^^^^^^^^^^^^^^^^^^^
  File "/usr/lib/python3/dist-packages/odoo/http.py", line 2475, in dispatch
    return self.request.registry['ir.http']._dispatch(endpoint)
           ^^^^^^^^^^^^^^^^^^^^^^^^^^^^^^^^^^^^^^^^^^^^^^^^^^^^
  File "/usr/lib/python3/dist-packages/odoo/addons/base/models/ir_http.py", line 355, in _dispatch
    result = endpoint(**request.params)
             ^^^^^^^^^^^^^^^^^^^^^^^^^^
  File "/usr/lib/python3/dist-packages/odoo/http.py", line 808, in route_wrapper
    result = endpoint(self, *args, **params_ok)
             ^^^^^^^^^^^^^^^^^^^^^^^^^^^^^^^^^^
  File "/usr/lib/python3/dist-packages/odoo/addons/web/controllers/binary.py", line 150, in content_assets
    stream = env['ir.binary']._get_stream_from(attachment, 'raw', filename)
             ^^^^^^^^^^^^^^^^^^^^^^^^^^^^^^^^^^^^^^^^^^^^^^^^^^^^^^^^^^^^^^
  File "/usr/lib/python3/dist-packages/odoo/addons/base/models/ir_binary.py", line 124, in _get_stream_from
    stream = self._record_to_stream(record, field_name)
             ^^^^^^^^^^^^^^^^^^^^^^^^^^^^^^^^^^^^^^^^^^
  File "/usr/lib/python3/dist-packages/odoo/addons/base/models/ir_binary.py", line 70, in _record_to_stream
    return record._to_http_stream()
           ^^^^^^^^^^^^^^^^^^^^^^^^
  File "/usr/lib/python3/dist-packages/odoo/addons/base/models/ir_attachment.py", line 921, in _to_http_stream
    stat = os.stat(stream.path)
           ^^^^^^^^^^^^^^^^^^^^
FileNotFoundError: [Errno 2] No such file or directory: '/var/lib/odoo/filestore/sf_rc_validation/28/28fdff63ca45273fc030bdb7fefd42c06cd4c23c'
2026-09-09 17:31:20,227 33 INFO sf_rc_validation werkzeug: 127.0.0.1 - - [09/Sep/2026 17:31:20] "GET /web/assets/50c216e/web.assets_web_print.min.css HTTP/1.1" 500 - 2 0.001 0.025
2026-09-09 17:31:20,235 33 INFO ? werkzeug: 127.0.0.1 - - [09/Sep/2026 17:31:20] "GET /web/static/img/favicon.ico HTTP/1.1" 200 - 0 0.000 0.002
2026-09-09 17:31:20,237 33 INFO ? werkzeug: 127.0.0.1 - - [09/Sep/2026 17:31:20] "GET /web/static/img/odoo-icon-192x192.png HTTP/1.1" 200 - 0 0.000 0.002
2026-09-09 17:32:20,152 33 INFO sf_rc_validation odoo.addons.sports_federation_demo.tests.test_browser_competition_lifecycle.TestBrowserCompetitionLifecycle.test_keyboard_competition_setup_browser_tour: Asking for screenshot 
2026-09-09 17:32:20,152 33 INFO sf_rc_validation odoo.addons.sports_federation_demo.tests.test_browser_competition_lifecycle.TestBrowserCompetitionLifecycle.test_keyboard_competition_setup_browser_tour: Ready code last try result: {'type': 'undefined'} 
2026-09-09 17:32:20,192 33 INFO sf_rc_validation odoo.addons.sports_federation_demo.tests.test_browser_competition_lifecycle.TestBrowserCompetitionLifecycle.test_keyboard_competition_setup_browser_tour: Closing chrome headless with pid 810 
2026-09-09 17:32:20,193 33 INFO sf_rc_validation odoo.addons.sports_federation_demo.tests.test_browser_competition_lifecycle.TestBrowserCompetitionLifecycle.test_keyboard_competition_setup_browser_tour: Screenshot in: /tmp/odoo_tests/sf_rc_validation/screenshots/sc_failed_ready_20260909_173220_192753_TestBrowserCompetitionLifecycle.png 
2026-09-09 17:32:20,193 33 INFO sf_rc_validation odoo.addons.sports_federation_demo.tests.test_browser_competition_lifecycle.TestBrowserCompetitionLifecycle.test_keyboard_competition_setup_browser_tour: Closing websocket connection 
2026-09-09 17:32:20,194 33 INFO sf_rc_validation odoo.addons.sports_federation_demo.tests.test_browser_competition_lifecycle.TestBrowserCompetitionLifecycle.test_keyboard_competition_setup_browser_tour: Terminating chrome headless with pid 810 
2026-09-09 17:32:20,462 33 INFO sf_rc_validation odoo.addons.sports_federation_demo.tests.test_browser_competition_lifecycle.TestBrowserCompetitionLifecycle.test_keyboard_competition_setup_browser_tour: Removing chrome user profile "/tmp/tmpaw5bdvsb_chrome_odoo" 
2026-09-09 17:32:20,477 33 INFO sf_rc_validation odoo.addons.sports_federation_demo.tests.test_browser_competition_lifecycle: ====================================================================== 
2026-09-09 17:32:20,477 33 ERROR sf_rc_validation odoo.addons.sports_federation_demo.tests.test_browser_competition_lifecycle: FAIL: TestBrowserCompetitionLifecycle.test_keyboard_competition_setup_browser_tour
Traceback (most recent call last):
  File "/mnt/extra-addons/sports_federation_demo/tests/test_browser_competition_lifecycle.py", line 73, in test_keyboard_competition_setup_browser_tour
    self.start_tour(
  File "/usr/lib/python3/dist-packages/odoo/tests/common.py", line 2563, in start_tour
    self.browser_js(url_path=url_path, code=code, ready=ready, timeout=timeout, success_signal="tour succeeded", **kwargs)
  File "/usr/lib/python3/dist-packages/odoo/tests/common.py", line 2521, in browser_js
    self.assertTrue(browser._wait_ready(ready), 'The ready "%s" code was always falsy' % ready)
AssertionError: False is not true : The ready "odoo.isTourReady('keyboard_competition_setup')" code was always falsy
 
2026-09-09 17:32:20,480 33 INFO sf_rc_validation odoo.addons.base.models.ir_attachment: filestore gc 0 checked, 0 removed 
2026-09-09 17:32:20,895 33 INFO sf_rc_validation odoo.addons.sports_federation_demo.tests.test_operator_role_acceptance: Starting TestOperatorRoleAcceptance.test_each_phase_owner_has_read_acl_for_owned_workspace ... 
2026-09-09 17:32:20,914 33 INFO sf_rc_validation odoo.addons.sports_federation_demo.tests.test_operator_role_acceptance: Starting TestOperatorRoleAcceptance.test_planner_and_approver_are_distinct_operators ... 
2026-09-09 17:32:20,919 33 INFO sf_rc_validation odoo.addons.base.models.ir_attachment: filestore gc 6 checked, 6 removed 
2026-09-09 17:32:20,920 33 INFO sf_rc_validation odoo.addons.sports_federation_demo.tests.test_release_pilot_readiness: Starting TestReleasePilotReadiness.test_full_lifecycle_tour_covers_officiating_and_publication_handoffs ... 
2026-09-09 17:32:20,921 33 INFO sf_rc_validation odoo.addons.sports_federation_demo.tests.test_release_pilot_readiness: Starting TestReleasePilotReadiness.test_keyboard_setup_tour_uses_keyboard_activation_and_focus_assertions ... 
2026-09-09 17:32:20,922 33 INFO sf_rc_validation odoo.addons.sports_federation_demo.tests.test_release_pilot_readiness: Starting TestReleasePilotReadiness.test_release_pilot_actions_target_the_canonical_models ... 
2026-09-09 17:32:20,929 33 INFO sf_rc_validation odoo.addons.sports_federation_demo.tests.test_release_pilot_readiness: Starting TestReleasePilotReadiness.test_release_pilot_browser_assets_are_present ... 
2026-09-09 17:32:20,930 33 INFO sf_rc_validation odoo.addons.sports_federation_demo.tests.test_release_pilot_readiness: Starting TestReleasePilotReadiness.test_release_pilot_security_roles_are_installed ... 
2026-09-09 17:32:20,935 33 INFO sf_rc_validation odoo.addons.base.models.ir_attachment: filestore gc 0 checked, 0 removed 
2026-09-09 17:32:21,013 33 INFO sf_rc_validation odoo.addons.sports_federation_reporting.tests.test_http_smoke: Starting TestReportingHttpSmoke.test_finance_event_export_route_returns_csv ... 
2026-09-09 17:32:21,018 33 INFO sf_rc_validation odoo.addons.base.models.res_users: Login successful for login:admin from n/a 
2026-09-09 17:32:21,023 33 INFO sf_rc_validation odoo.addons.base.models.ir_http: Generating routing map for key 1 
2026-09-09 17:32:21,063 33 INFO sf_rc_validation werkzeug: 127.0.0.1 - - [09/Sep/2026 17:32:21] "GET /reporting/export/finance/events HTTP/1.1" 200 - 23 0.007 0.035
2026-09-09 17:32:21,064 33 INFO sf_rc_validation odoo.addons.sports_federation_reporting.tests.test_http_smoke: Starting TestReportingHttpSmoke.test_finance_export_route_returns_csv ... 
2026-09-09 17:32:21,069 33 INFO sf_rc_validation odoo.addons.base.models.res_users: Login successful for login:admin from n/a 
2026-09-09 17:32:21,075 33 INFO sf_rc_validation odoo.addons.base.models.ir_http: Generating routing map for key 1 
2026-09-09 17:32:21,112 33 INFO sf_rc_validation werkzeug: 127.0.0.1 - - [09/Sep/2026 17:32:21] "GET /reporting/export/finance HTTP/1.1" 200 - 19 0.006 0.033
2026-09-09 17:32:21,114 33 INFO sf_rc_validation odoo.addons.sports_federation_reporting.tests.test_http_smoke: Starting TestReportingHttpSmoke.test_integration_contracts_route_returns_structured_401 ... 
2026-09-09 17:32:21,116 33 INFO sf_rc_validation odoo.addons.base.models.ir_http: Generating routing map for key 1 
2026-09-09 17:32:21,147 33 INFO sf_rc_validation werkzeug: 127.0.0.1 - - [09/Sep/2026 17:32:21] "GET /integration/v1/contracts HTTP/1.1" 401 - 14 0.003 0.029
2026-09-09 17:32:21,148 33 INFO sf_rc_validation odoo.addons.sports_federation_reporting.tests.test_http_smoke: Starting TestReportingHttpSmoke.test_integration_finance_events_route_returns_structured_401 ... 
2026-09-09 17:32:21,151 33 INFO sf_rc_validation odoo.addons.base.models.ir_http: Generating routing map for key 1 
2026-09-09 17:32:21,181 33 INFO sf_rc_validation werkzeug: 127.0.0.1 - - [09/Sep/2026 17:32:21] "GET /integration/v1/outbound/finance/events HTTP/1.1" 401 - 14 0.003 0.029
2026-09-09 17:32:21,182 33 INFO sf_rc_validation odoo.addons.sports_federation_reporting.tests.test_http_smoke: Starting TestReportingHttpSmoke.test_integration_inbound_delivery_route_returns_structured_401 ... 
2026-09-09 17:32:21,185 33 INFO sf_rc_validation odoo.addons.base.models.ir_http: Generating routing map for key 1 
2026-09-09 17:32:21,215 33 INFO sf_rc_validation werkzeug: 127.0.0.1 - - [09/Sep/2026 17:32:21] "POST /integration/v1/inbound/clubs_csv/deliveries HTTP/1.1" 401 - 14 0.003 0.028
2026-09-09 17:32:21,217 33 INFO sf_rc_validation odoo.addons.sports_federation_reporting.tests.test_http_smoke: Starting TestReportingHttpSmoke.test_participation_export_route_returns_csv ... 
2026-09-09 17:32:21,222 33 INFO sf_rc_validation odoo.addons.base.models.res_users: Login successful for login:admin from n/a 
2026-09-09 17:32:21,230 33 INFO sf_rc_validation odoo.addons.base.models.ir_http: Generating routing map for key 1 
2026-09-09 17:32:21,271 33 INFO sf_rc_validation werkzeug: 127.0.0.1 - - [09/Sep/2026 17:32:21] "GET /reporting/export/participation/293 HTTP/1.1" 200 - 26 0.008 0.034
2026-09-09 17:32:21,272 33 INFO sf_rc_validation odoo.addons.sports_federation_reporting.tests.test_http_smoke: Starting TestReportingHttpSmoke.test_route_inventory_lists_smoke_covered_integration_routes ... 
2026-09-09 17:32:21,273 33 INFO sf_rc_validation odoo.addons.sports_federation_reporting.tests.test_http_smoke: Starting TestReportingHttpSmoke.test_route_inventory_lists_smoke_covered_reporting_routes ... 
2026-09-09 17:32:21,274 33 INFO sf_rc_validation odoo.addons.sports_federation_reporting.tests.test_http_smoke: Starting TestReportingHttpSmoke.test_standings_export_route_returns_csv ... 
2026-09-09 17:32:21,279 33 INFO sf_rc_validation odoo.addons.base.models.res_users: Login successful for login:admin from n/a 
2026-09-09 17:32:21,285 33 INFO sf_rc_validation odoo.addons.base.models.ir_http: Generating routing map for key 1 
2026-09-09 17:32:21,325 33 INFO sf_rc_validation werkzeug: 127.0.0.1 - - [09/Sep/2026 17:32:21] "GET /reporting/export/standings/293 HTTP/1.1" 200 - 27 0.007 0.034
2026-09-09 17:32:21,328 33 INFO sf_rc_validation odoo.addons.base.models.ir_attachment: filestore gc 0 checked, 0 removed 
2026-09-09 17:32:21,329 33 INFO sf_rc_validation odoo.service.server: 147 post-tests in 283.34s, 12792 queries 
2026-09-09 17:32:21,332 33 INFO sf_rc_validation odoo.tests.stats: sports_federation_base: 63 tests 1.16s 952 queries 
2026-09-09 17:32:21,332 33 INFO sf_rc_validation odoo.tests.stats: sports_federation_calendar: 15 tests 0.20s 344 queries 
2026-09-09 17:32:21,332 33 INFO sf_rc_validation odoo.tests.stats: sports_federation_competition_core: 5 tests 0.04s 58 queries 
2026-09-09 17:32:21,332 33 INFO sf_rc_validation odoo.tests.stats: sports_federation_compliance: 37 tests 2.07s 1598 queries 
2026-09-09 17:32:21,332 33 INFO sf_rc_validation odoo.tests.stats: sports_federation_demo: 22 tests 131.61s 1161 queries 
2026-09-09 17:32:21,332 33 INFO sf_rc_validation odoo.tests.stats: sports_federation_discipline: 23 tests 0.67s 617 queries 
2026-09-09 17:32:21,332 33 INFO sf_rc_validation odoo.tests.stats: sports_federation_finance_bridge: 69 tests 71.82s 2587 queries 
2026-09-09 17:32:21,332 33 INFO sf_rc_validation odoo.tests.stats: sports_federation_format: 24 tests 1.70s 1878 queries 
2026-09-09 17:32:21,332 33 INFO sf_rc_validation odoo.tests.stats: sports_federation_governance: 24 tests 0.39s 427 queries 
2026-09-09 17:32:21,332 33 INFO sf_rc_validation odoo.tests.stats: sports_federation_import_tools: 71 tests 6.50s 1428 queries 
2026-09-09 17:32:21,332 33 INFO sf_rc_validation odoo.tests.stats: sports_federation_matchday: 13 tests 0.43s 633 queries 
2026-09-09 17:32:21,332 33 INFO sf_rc_validation odoo.tests.stats: sports_federation_notifications: 25 tests 1.52s 1571 queries 
2026-09-09 17:32:21,332 33 INFO sf_rc_validation odoo.tests.stats: sports_federation_officiating: 118 tests 4.67s 3664 queries 
2026-09-09 17:32:21,332 33 INFO sf_rc_validation odoo.tests.stats: sports_federation_people: 35 tests 0.58s 488 queries 
2026-09-09 17:32:21,332 33 INFO sf_rc_validation odoo.tests.stats: sports_federation_portal: 158 tests 10.99s 7554 queries 
2026-09-09 17:32:21,332 33 INFO sf_rc_validation odoo.tests.stats: sports_federation_public_site: 95 tests 71.74s 3168 queries 
2026-09-09 17:32:21,332 33 INFO sf_rc_validation odoo.tests.stats: sports_federation_registration: 5 tests 0.20s 137 queries 
2026-09-09 17:32:21,332 33 INFO sf_rc_validation odoo.tests.stats: sports_federation_reporting: 90 tests 2.89s 2119 queries 
2026-09-09 17:32:21,332 33 INFO sf_rc_validation odoo.tests.stats: sports_federation_result_control: 27 tests 1.82s 2670 queries 
2026-09-09 17:32:21,332 33 INFO sf_rc_validation odoo.tests.stats: sports_federation_rosters: 78 tests 2.58s 2805 queries 
2026-09-09 17:32:21,332 33 INFO sf_rc_validation odoo.tests.stats: sports_federation_rules: 20 tests 0.25s 191 queries 
2026-09-09 17:32:21,332 33 INFO sf_rc_validation odoo.tests.stats: sports_federation_schedule_approval: 22 tests 1.12s 1530 queries 
2026-09-09 17:32:21,332 33 INFO sf_rc_validation odoo.tests.stats: sports_federation_scheduling: 16 tests 0.22s 338 queries 
2026-09-09 17:32:21,332 33 INFO sf_rc_validation odoo.tests.stats: sports_federation_standings: 48 tests 4.81s 4952 queries 
2026-09-09 17:32:21,332 33 INFO sf_rc_validation odoo.tests.stats: sports_federation_tournament: 86 tests 1.76s 1742 queries 
2026-09-09 17:32:21,332 33 INFO sf_rc_validation odoo.tests.stats: sports_federation_venues: 13 tests 0.36s 265 queries 
2026-09-09 17:32:21,332 33 ERROR sf_rc_validation odoo.tests.result: 2 failed, 3 error(s) of 922 tests when loading database 'sf_rc_validation' 
2026-09-09 17:32:21,332 33 INFO sf_rc_validation odoo.service.server: Initiating shutdown 
2026-09-09 17:32:21,332 33 INFO sf_rc_validation odoo.service.server: Hit CTRL-C again or send a second signal to force the shutdown. 
2026-09-09 17:32:21,785 33 INFO sf_rc_validation odoo.sql_db: ConnectionPool(read/write;used=0/count=0/max=64): Closed 2 connections  

